nama_listing,daerah,l_tanah,l_bangunan,k_tidur,k_mandi,listrik,lantai,jarak_rs,jarak_pusatbelanja,jarak_kampus,jarak_tol,stasiun,harga_rumah
Rumah 2 LT SHM 8 Menit ke Trans Studio Cibubur Dibantu KPR J-38382,Cimanggis,84,60,2,2,2200,2,1.9,3,4.5,3,1.3,780000000
"Rumah Murah 2 Lantai ,Lokasi Strategis di, Cimanggis ,Depok",Cimanggis,90,65,3,2,2200,2,2,5.1,3.1,2.7,5,1200000000
Rumah Murah di Permata Puri 1 Cimaggis Depok,Cimanggis,160,270,4,3,4400,2,2.3,2.8,2,2.9,3,2000000000
Dijual Rumah di Komplek Deppen Cimanggis,Cimanggis,120,170,3,3,3300,2,1.5,4.6,2.5,2.1,2.3,1550000000
Rumah Dijual Kesuma Puri Raya Cimanggis Depok,Cimanggis,500,400,6,4,4400,2,1.8,2.2,4.6,2.5,0.6,4900000000
For Sale Rumah 2 Lantai Rapih Terawat Siap Huni di Permata Puri Cimanggis,Cimanggis,204,360,5,5,4400,2,2.1,5.2,2.1,2.9,3,2670000000
"Rumah, 2 Lantai, di Cimanggis",Cimanggis,304,313,5,4,2200,2,2.9,3.5,2.3,2.4,2.9,2500000000
Rumah Hoek Griya Cimanggis,Cimanggis,207,110,4,2,2200,1,1.7,1.7,2.6,3.7,3.8,2500000000
Dijual Rumah Di Puri Sriwedari,Cimanggis,150,250,4,4,2200,2,0.65,0.85,5.8,1.9,2.2,2300000000
Dijual Rumah Baru Konsep Mezzanine Dan Balkon 10 Menit Stasiun Depok Lama,Cimanggis,60,32,3,1,1300,1,2.1,5.2,3.2,2.7,5,425000000
Di Jual Rumah 2 Lantai Di Mahogany Residence Cibubur,Cimanggis,135,180,3,3,3500,2,0.7,0.1,6.6,1.8,2.5,2750000000
Rumah 2 Lantai Modern Cluster Trevista Cibubur,Cimanggis,90,90,4,3,3500,2,0.95,1.5,0.65,1.8,4.1,1250000000
Jual Rumah Bagus di Cimanggis Kapitan Raya Fully Furnished,Cimanggis,101,200,4,3,3500,2,2.4,4,3,2.4,3,2000000000
Rumah Dekat Kampus di Jl H Mustofa Cimanggis Depok,Cimanggis,267,300,3,3,2200,2,1.9,4.2,1.3,4.8,2.6,1200000000
Jual Rumah Baru di Jl. Puri Kencana Permai Kec. Cimanggis Depok Jawa Barat,Cimanggis,76,80,3,2,2200,2,3.3,3.6,3.5,3.2,2.2,1160000000
"Dijual Cepat Rumah 2 Lantai di Perumahan Evergreen Cibubur, Kota Depok",Cimanggis,145,250,5,3,3500,2,3.2,3.5,4.4,2.8,1.9,2600000000
Dijual Rumah Baru Siap Huni Di Taman Duta Cimanggis Depok,Cimanggis,83,150,4,4,2200,2,1,1.9,1.1,3.2,4.3,1800000000
"Permata Puri I, Mewah, Siap Huni, Bebas Banjir, Lok Strategis, bisa KPR, Harga Nego",Cimanggis,300,300,6,4,2200,2,2.3,2.8,2.1,2.6,3.8,4750000000
Rumah 2 Lantai di Cimanggis Cibubur Depok Dekat LRT Harjamukti,Cimanggis,66,76,3,2,2200,2,3,3.3,3.6,3,2.1,1050000000
"Rumah Siap Huni,Semi Furnished,Bebas Banjir di Perumahan Sriwedari Cibubur,Harjamukti,Cimanggis,Depok",Cimanggis,180,250,5,6,5500,2,0.65,0.86,5.8,3.4,2.2,2850000000
Rumah Strategis Dekat Kampus di Jl Asoka Tugu Cimanggis Depok,Cimanggis,120,80,3,2,2200,1,1.9,3.8,2,5.1,3.6,1400000000
Raffles Hills,Cimanggis,112,150,3,3,2200,2,0.35,0.9,7.5,2.7,3.4,1700000000
Rumah Luas Murah Di Raffles Hills,Cimanggis,208,180,3,3,4400,2,0.35,0.9,7.5,2.8,3.3,2500000000
Jual Rumah Cantik Dekat Lrt Cibubur,Cimanggis,110,120,4,2,3500,2,3.2,3.6,4.9,3.3,2.4,1550000000
Raffles Hills,Cimanggis,96,98,4,4,2200,2,0.35,0.9,7.5,2.7,3.4,1450000000
Rumah Depok Strategis dan Bagus,Cimanggis,302,200,3,4,2200,1,1.3,0.8,2.4,3.2,4,3000000000
Dijual Cepat Rumah Dekat Stasiun LRT Harjamukti,Cimanggis,142,300,6,6,5500,2,2.6,3,4,3,3.6,2300000000
"Dijual Cepat Rumah 1 Lt Di Puri Kencana, DepoK",Cimanggis,105,45,2,1,1300,1,3.2,3.5,3.4,3.2,2.2,950000000
Rumah Asri dan Bagus 2 lantai siap huni di Kavling Pertamina Cimanggis Depok,Cimanggis,150,184,4,4,2200,2,4.2,3.4,4.3,4.1,2.5,1600000000
Rumah SHM LT 250 Siap KPR 10 Mnt ke Stasiun LRT Harjamukti J-39483,Cimanggis,250,142,4,3,2200,1,2.7,3.2,2.2,2.3,3.1,1660000000
Rumah Raflesh Hills Cibubur,Cimanggis,112,116,4,3,2200,2,0.35,0.9,7.5,2.7,3.4,1800000000
Dijual Rumah Minimalis Bagus One Gate System di Cimanggis Depok,Cimanggis,105,70,3,2,2200,1,2.1,2.7,1.6,2.5,3.5,1050000000
DIJUAL RUMAH DI KOMPLEK SKU HANKAM CIMANGGIS DEPOK,Cimanggis,198,100,3,3,2200,1,1.6,3.6,1,5.1,4.1,1250000000
Rumah Modern 3BR Di Cluster Cimanggis Green Mansion Depok Jabar,Cimanggis,66,90,3,2,2200,2,2.3,2.8,2.5,2.6,3.1,2100000000
Rumah SHM 6 Kamar Tidur Siap Huni 6 Menit ke Grand Mall Cimanggis J-31624,Cimanggis,162,336,6,2,2200,2,1.7,1.2,2,3.1,5.7,2100000000
Dijual Rumah Wisma Harapan 1 Semi Furnish Cimanggis Depok,Cimanggis,125,232,4,2,2200,2,1.6,1.2,2.1,3.2,4.2,1750000000
Dijual Cepat Rumah Mewah Siap Huni Kondisi Baru Di Pondok Cibubur,Cimanggis,146,300,5,4,4400,2,2.9,3.5,2.3,2.4,3.2,1800000000
Rumah di Puri Sriwedari Cibubur Kel.harjamukti Kec.cimanggis - Kota Depok,Cimanggis,266,300,6,5,5500,2,0.65,0.85,5.8,3.4,2.2,3400000000
RUMAH DI TAPOS,Tapos,81,60,2,1,1300,1,0.4,6.4,8.7,4,3.6,850000000
"Dijual Rumah Pribadi Dalam Cluster di Perumahan Permata Cimanggis, Dinding Masih Bata Merah",Tapos,90,60,2,1,2200,1,5,5,4.9,2.9,6,750000000
"Dijual Cepat Rumah Bagus Siap Huni di Perumahan Permata Cimanggis, Jl. Raya Tapos pos security, Cimpaeun, Tapos, Kota Depok, Jawa Barat, Indonesia, 16459, Cimanggis",Tapos,90,45,2,1,2200,1,0.4,6.4,8.7,4.7,3.6,895000000
Dijual Rumah Harga Nego di Permata Mutiara Cimanggis Depok Bo172,Tapos,84,38,2,1,1300,1,2.5,7.8,7.6,4.5,4.1,600000000
Di Jual Rumah Huni,Tapos,220,156,5,4,5500,2,4.2,6.7,8.2,1.2,7.6,3200000000
Dijualdijual Rumah 2 Lantai Siap Huni di Raffles Hills,Tapos,128,170,3,3,5500,2,3.2,3.7,7.3,2.5,4.6,3000000000
Rumah Jatijajar Tanah Luas Pinggir Jalan Siap Huni,Tapos,360,110,3,3,3500,2,4.1,7.6,5,5.4,7.3,2200000000
Hunian Nyaman Siap Huni 600 Juta di Perum Permata Cimanggis,Tapos,70,36,2,1,2200,1,0.4,6.4,8.7,4.2,3.6,600000000
Tersedia Satu dan Dua Lantai Cuma Ada 6 Unit,Tapos,50,60,2,2,1300,2,3.9,4.4,5.6,3.4,5,550000000
Dijual Cepat - Harga Bu! Cluster Jatijajar Garden Residence Cluster Aman dengan Harga Terbaik di Kawasan Depok! Cocok untuk Keluarga Muda Maupun Investasi Sewa.,Tapos,72,54,2,1,1300,1,1.7,6.6,4,4.3,6.8,409000000
CLUSTER JATIJAJAR GARDEN RESIDENCE,Tapos,60,36,2,1,1300,1,3.2,7.2,6.5,7.1,4.8,436000000
Rumahkpr Minimalis di Jln Bakti Abri Tapos Kota Depok,Tapos,41,45,2,2,2200,2,2.8,6.9,4.4,4.8,5.8,600000000
Jual Cepat & Murah di Bawah Harga Develope! Permata Cimanggis Depok Posisi Hoek Siap Huni. Jangan Sampai Keduluan!,Tapos,132,132,3,2,2200,2,0.95,6.6,8.7,4.9,5,1450000000
Perumahan Oma Indah 2 Tapos Depok,Tapos,105,100,3,2,2200,1,2.2,6.1,3.1,2.8,3.9,975000000
Rumah Dua Lantai Siap Huni di Boulevard Cluster Onyxs Permata Cimanggis Tapos Depok.,Tapos,84,178,4,2,3500,2,1,6.7,8.7,4.9,5,1700000000
Rumah Dua Lantai di Podomoro Golf View Depok,Tapos,96,100,3,3,3500,2,4.2,6.7,8.2,1.3,8.6,1850000000
Dijual Rumah 3 Lantai Rapi Cantik di Jl Boulevard Cluster Ultima,Tapos,152,280,4,4,2200,3,2.8,2.7,7.2,1.5,3.3,2000000000
"Jual Rumah 2 Lantai Deket ke Tol Cimanggis, Jl. Swadaya, Tapos Depok",Tapos,101,170,3,3,2200,2,1.5,7.3,4.7,3.6,4.6,1300000000
"Dijual Cepat Rumah Bagus Siap Huni di Perumahan Permata Cimanggis, Jl. Raya Tapos pos security, Cimpaeun, Tapos, Kota Depok, Jawa Barat, Indonesia, 16459, Cimanggis",Tapos,90,45,2,1,2200,1,0.4,6.4,8.7,4.2,3.6,895000000
Rumah Modern 2 Lt Dalam.cluster Rumah,Tapos,78,80,3,2,2200,2,1.8,7.5,9.2,2.6,5.4,971000000
Cluster Nahara Timur ( Cluster dengan Rumah Mewah ),Tapos,153,164,3,3,3500,2,5.9,7,7,2.7,8.2,3000000000
Rumah Semi Furnished di Perumahan Raffles Hills Cibubur,Tapos,150,200,4,4,3500,2,3.2,3.7,7.3,1.8,3.9,3450000000
"Harga Spesial Rumah Full Furnished Di Perumahan Ekslusive Taman Arcadia Mediterania, Tapos, Depok.",Tapos,277,156,3,3,2200,1,4.2,7.5,7.4,0.95,7.7,3200000000
Dijual Rumah 3 Lantai di Perumahan Raffles Hills Cibubur,Tapos,120,220,3,3,3500,3,3.2,3.7,7.3,1.7,3.9,2600000000
RUMAH SIAP HUNI DI BUMI CIMANGGIS INDAH,Tapos,98,215,3,2,2200,2,2.4,5.5,2.1,2.4,4.7,1350000000
NUANSA BARU CIMPAEUN HUNIAN NYAMAN DAN ASRI DI TAPOS,Tapos,62,45,2,1,1300,1,0.4,6.4,8.6,5.7,3,436000000
Rumah Siap Huni Nuansa Bali Modern Cuma 5 Mnt ke RSUD Depok Timur & Tol Cimanggis,Tapos,68,40,2,1,1300,1,2.3,7.2,7.6,4.8,5.1,540000000
RUMAH 2 LANTAI DI THE ADDRESS TAPOS DEPOK,Tapos,102,162,4,4,4400,2,4.8,3.2,7.8,3.7,7.2,1400000000
RUMAH BUMI CIMANGGIS INDAH 2 TAPOS DEPOK JAWA BARAT,Tapos,71,45,3,2,3500,1,5.1,4.3,5.5,2.9,4.9,850000000
Jual Rumah Cantik di The Address Cibubur,Tapos,127,120,3,2,2200,1,4.8,3.2,7.8,3.7,7.2,1270000000
"Dijual Rumah Jauh Dibawah Pasaran di Permata Cimanggis Cluster Safir 72/45, SHM, 450Jt All In!",Tapos,72,45,2,1,1300,1,0.8,6.5,8.5,4.8,4.4,450000000
"Cluster Raffles Hills 2Lt, Nyaman, Lingkungan Asri Dan Strategis",Tapos,110,100,4,2,2200,2,3.2,3.7,7.3,2.7,4.7,1650000000
RUMAH MEWAH 2 LANTAI SIAP HUNI DI TAPOS,Tapos,300,200,4,4,2200,2,2.4,7.4,7.7,0.95,7.7,3600000000
Rumah Dijual Murah Di Perumahan Rose Garden,Tapos,105,68,2,1,2200,1,3.9,4.6,4.9,3.4,4.6,750000000
Komplek Dekat Stasiun Pondok China Depok,Tapos,45,72,3,2,2200,2,3.7,4.3,5.1,3.1,3.8,750000000
Rumah Hadap Selatan dekat Trans Studio Mall Cibubur Dibantu KPR J-3626,Tapos,87,45,2,1,2200,1,4.2,4.2,5.4,4.2,5.3,870000000
Rumah Minimalis Murah 13 Menit ke Pintu Tol Cisalak 1 DP Ringan J34627,Tapos,50,35,2,1,1300,1,2.2,7.2,8.4,8.4,5,420000000
Dijual Rumah Siap Huni di Bumi Cimanggis Indah Depok,Tapos,285,150,3,2,2200,1,0.5,4.6,2,2.7,4.7,2300000000
Rumah Idaman Terawat 11 Menit ke Rs Citra Medika Depok bisa KPR J41378,Cilodong,62,71,3,2,3500,1,4.6,6.2,3.7,8.9,4.4,1220000000
Rumah SHM Hadap Selatan 6 Menit ke Rs Citra Medika Depok J-37469,Cilodong,77,50,2,1,1300,1,0.65,4.8,2.2,7.3,3.7,670000000
Rumah 1 LT Luas di Cilodong 10 Menit ke Stasiun Depok Siap KPR J43888,Cilodong,150,120,2,2,2200,1,3.5,6.3,3.2,9.5,4.2,1770000000
Dalam Perumahan Nyaman di Depok Dekat Stasiun KRL Siap Huni SHM IMB Lengkap,Cilodong,85,76,2,1,1300,1,2.2,4.4,6,7.9,3.4,635000000
Rumah LT 96 Baru Renov 9 Menit ke Stasiun Depok Bebas Banjir J31471,Cilodong,96,50,2,1,1300,1,0.4,4.9,7.8,7.3,3.7,820000000
"Rmh Asri Villa Pertiwi Lt.211m² Baru Renov, Dkt Tol Cijago, Depok",Cilodong,211,187,4,3,3500,1,1.8,8.1,5,5.9,6.7,1700000000
Mewah Cantik !! Luas 150 Rumah di Grand Depok City,Cilodong,150,120,3,3,2200,2,1.4,6.3,0.24,6.7,2.9,1590000000
"Rumah Bagus, di Cilodong, Jl.kemang Raya, Lt.499, Hak Milik,Depok",Cilodong,499,200,4,3,9500,2,3.2,6.1,1.7,8.5,4.5,3500000000
Rumah Siap Huni Dekat Tol di Villa Pertiwi Cluster Gardenia Depok,Cilodong,110,60,3,1,1300,1,2.1,8.1,5.4,6.3,6.4,870000000
Rumah 7 Menit ke Rs Citra Medika Depok SHM Dibantu KPR J-43848,Cilodong,92,93,3,2,2200,2,2,5.8,1.2,7.6,3.9,1050000000
Rumah Strategis Dekat Tol di Perumahan Cenning Ampe Depok,Cilodong,144,135,3,3,1300,1,2.4,5.2,3.3,4.1,6.5,750000000
Rumah Startegis Jalan 2 Mobil Dekat Grand Depok City,Cilodong,117,70,2,1,1300,1,3.5,6.4,2,7.5,3.9,685000000
Jual Bu Cluster Second 2 Lt Dalam Kompleks Grand Depok City Depok,Cilodong,161,122,3,2,2200,2,0.6,2.9,2.9,6.7,5,1300000000
Bisa Cicil Non Bunga bisa KPR Bank 2 Jt All In,Cilodong,60,42,2,1,1300,1,2.5,7,3.7,9.6,3.5,402000000
"Rumah 3 Lantai Bagus Sertifikat Hak Milik di Cilodong, Depok",Cilodong,84,200,2,2,2200,3,2.2,6.7,3.9,9.4,2.8,1000000000
Rumah Termurah 1 Lantai Siap Huni di Cilodong Depok & Dekat ke Stasiun Depok,Cilodong,42,30,2,1,1300,1,1.1,4.8,1.8,7.8,4.1,350000000
HUNIAN AMMARA RESIDENS,Cilodong,90,120,4,2,2200,1,1.9,6.4,4,8.3,4.5,1350000000
Dijual Rumah di Perumahan Nuansa Telaga Kalibaru Cilodong Depok,Cilodong,193,130,3,3,2200,1,4.5,5,4.9,5.4,8.1,1500000000
"Rumah 1 lantai, Teratai Residence Jl. H. Dimun Cilodong",Cilodong,72,43,2,1,2200,1,3,6.6,3.6,6.4,6.5,630000000
"Dijual Rumah Hook Di Perum Taman Depok Permai, Deket Polsek Depok",Cilodong,171,200,3,2,2200,2,2.2,5.1,5.1,4.5,6.4,1500000000
"Jual Rumah Baru Renovasi Mei 2025Jl. H. Dimun, Cilodong Depok (Kav Wijaya Kusuma)",Cilodong,85,45,2,1,1300,1,2.6,5.6,3.3,6.3,6.2,595000000
Dijual cepat rumah 2 lantai di perumahan villa pertiwi,Cilodong,60,90,4,2,1300,2,1.8,8.1,5,6.6,6.7,639000000
Rumah SHM Siap Huni 15 Menit ke Stasiun Depok Lama Dibantu KPR J33446,Cilodong,93,80,2,2,2200,2,3.8,5.4,4.2,8.2,4.4,940000000
Dijual Rumah Di Kompl Villa Pertiwi Cilodong Depok,Cilodong,155,222,3,4,5500,2,2.6,6.9,4,6.6,6.7,3000000000
Dijual Rumah Di Cilodong Dekat Gdc Hunian Nuansa Vila Bebas Biaya,Cilodong,72,60,2,1,2200,1,2.8,4.5,6,8.7,3.4,844000000
Rumah 2 Lantai Type Mezanine Berlokasi di Kp. Sidamukti Depok,Cilodong,304,180,5,3,2200,2,3.4,7.2,5.4,7.7,5.3,2200000000
Rumah Seken Strategis 15 Menit ke Stasiun Depok Dibantu KPR J30466,Cilodong,72,36,2,1,1300,1,3.8,8.1,4.2,9.2,4.5,560000000
Rumah Besar dan Tanah 542 M2 Jual Murah Pinggir Jalan Utama,Cilodong,540,200,5,3,2200,1,3.2,6.1,1.7,8.1,4.5,3200000000
Rumah Di Kavling Iip Di Jl. Kalimulya Depok,Cilodong,540,250,5,4,4400,2,1.4,5.9,3.5,8.4,3.3,3750000000
Rumah Siap Huni Dalam Komplek Pondok Tirta Mandala Sukamaju,Cilodong,60,50,2,2,1300,1,1.5,6.5,4.7,5.3,6,345000000
Rumah 2Lantai di The Royal Felice. Depok,Cilodong,90,120,3,2,2200,2,2.3,7,4.2,3.3,9.6,1150000000
"Jual Rumah Di Grand Citra Residence, Cilodong",Cilodong,150,100,4,3,2200,2,3.9,6.1,2.5,8.8,4.7,1500000000
"Rumah Syariah Murah Dekat Tol Di Cilodong, Cuma 2 Km Ke Jln Raya Bogor",Cilodong,85,75,3,2,2200,2,3.2,7.3,4.3,7.1,6.1,1250000000
Rumah Murah 2 Lantai Lokasi di Kalimulya Depok,Cilodong,77,90,3,3,2200,2,1,5.3,2.4,8.1,4.2,1080000000
"Rumah Siap Huni 1,5 Lantai Jl Boulevard GDC Cilodong Depok",Cilodong,180,200,5,3,4400,2,1,5.3,2.4,8.2,4.3,1800000000
Murah Mewah 2 LT Cantik Siap Huni di Kav Iip Cilodong Kota Depok,Cilodong,235,235,5,3,4400,2,1.4,5.9,3.5,8.5,3.9,1950000000
Rumah di Anyelir Cilodong Depok 2 Lantai Jual Murah,Cilodong,113,180,3,3,2200,2,1.2,5.7,3.3,8.1,3.8,850000000
RUMAH STRATEGIS DI VILLA PERTIWI CIMANGGIS DEPOK,Cilodong,139,240,3,3,2200,1,1.8,7.9,5,6.1,6.2,2500000000
DIJUAL RUMAH 2 LANTAI PURI INSANI 2 CILODONG DEPOK,Cilodong,150,260,4,3,5500,2,1.8,6.6,2.8,9.2,4.3,2650000000
Rumah dua lantai murah di cilodong depok,Cilodong,288,250,5,4,4400,2,2.8,7.2,4.9,8.4,5.1,3300000000
"Dijual Cepat Rumah Nyaman Strategis di Grand Mutiara Serua, Bojongsari, Depok..",Bojong Sari,81,45,2,1,2200,1,2.2,1.9,3.3,4.5,12,600000000
Rumah Tinggal Golden Estesia Cluster Aster,Bojong Sari,60,36,1,1,1300,1,2.8,1.9,3.3,5,12,678000000
Rumah Tinggal Perum Syarifah Hanoum,Bojong Sari,98,39,1,1,1300,1,6.2,8.1,6.8,10,9,528000000
"Rumah dengan Fasilitas Perumahan yang Lengkap, Aman, Nyaman, Strategis, One Gate System, dan Smarthome",Bojong Sari,60,75,3,2,2200,2,3.9,6,4.7,8,8,880000000
Rumah Siap Huni 1 Lantai Cantik Lokasi Sangat Strategis,Bojong Sari,60,42,2,1,2200,1,3.9,6,4.7,8.1,8.1,700000000
JUAL RUMAH TERMURAH TAMARUMA SAWANGAN DEPOK,Bojong Sari,83,85,3,2,2200,2,3.7,2.8,3.9,6.5,11,1100000000
Dijual Cepat Rumah Cluster Cantik di Perumahan Tamansari Puri Bali Bojong Sari Depok,Bojong Sari,143,200,4,3,3300,2,1.8,3.9,2.4,9.7,14,1950000000
Rumah 15 Menit ke The Park Sawangan Siap Huni Dibantu KPR J-39526,Bojong Sari,66,55,3,1,1300,1,5,4.1,4.2,7.2,9.8,810000000
Dijual Cepat Rumah Cantik di Huk 2 Lantai SHM di Komplek Perumahan Garden At Sawangan Depok,Bojong Sari,78,120,3,2,2200,2,1.9,2.3,2.1,5.5,12,1250000000
Dijual Rumah Cantik 2 Lantai SHM di Komplek Perumahan Garden At Candi Sawangan Depok,Bojong Sari,129,129,3,2,2200,2,1.9,2.3,2.1,5.4,12,160000000
Rumah 11 menit ke The Park Sawangan Hadap Timur Siap KPR J-37041,Bojong Sari,76,45,2,1,1300,1,2.7,4.7,3.4,5.8,11,540000000
Rumah 6 Mnt ke RS Citra Medika Depok SHM Siap Huni Dibantu KPR J-33252,Bojong Sari,48,48,2,1,1300,1,2.9,3.6,4.3,8.2,15,500000000
Rumah Hadap Utara 5 Kamar Tidur Siap KPR 7 Menit ke The Park Sawangan J-35883,Bojong Sari,108,175,5,4,2200,2,3,2,4,5.3,12,1770000000
Rumah 2 Lantai Lokasi Strategis Akses Dekat Ke Transum Kpr Dp 0%,Bojong Sari,60,60,3,2,2200,2,5.2,7.2,5.9,6.2,12,700000000
Rumah Strategis 1 Menit Mall The Park Sawangan Siap Huni Dp 0%,Bojong Sari,60,65,3,2,2200,2,3.1,0.5,2,4.7,12,886000000
Rumah 15 Menit ke Rsia Asyifa Depok SHM Dibantu KPR J-36430,Bojong Sari,78,50,2,1,2200,1,1.7,2,2.6,7.1,14,690000000
Rumah Murah Siap Huni Di Sawangan Depok,Bojong Sari,163,100,3,2,4400,2,1.2,2.8,2.1,7.3,13,1550000000
Hunian Cantik & Nyaman Terrace Corner Plus @ Shilla Sawangan,Bojong Sari,160,79,3,2,4400,2,1.2,3.2,1.9,6.8,12,2500000000
Rumah Strategis 8 Menit ke The Park Sawangan SHM Hadap Selatan J35468,Bojong Sari,66,47,2,2,2200,2,1.5,2.6,1.9,6.9,14,1090000000
Rumah Asri 5 Menit ke RSU Brawijaya Sawangan 1 Lt Hadap Timur J34641,Bojong Sari,84,43,2,1,2200,1,1.8,3.9,2.4,8.5,14,720000000
Dijual Rumah 2 lantai SHM di The Akasia Terrace Depok,Bojong Sari,120,80,3,2,3300,2,3.5,3.1,3.3,6.2,12,1300000000
Rumah Tipe 65 Paling Mewah Di Yukari Sawangan Depok Bagus,Bojong Sari,84,65,3,2,2200,1,1.8,3.5,2.5,7.5,13,1620000000
Rumah di Cluster Cahaya Garuda Bojongsari Depok,Bojong Sari,72,45,2,1,2200,1,1.9,1.2,1.3,6.3,12,850000000
Rumah Brandnew Semi Furnished Dijual Di Cluster Garden Sawangan,Bojong Sari,84,70,3,2,2200,2,1.9,2.3,2.1,6.9,13,1650000000
"Rumah di Bojongsari, Audita Residence, Depok",Bojong Sari,105,125,3,2,2200,2,0.65,2.6,1.3,7.3,13,1300000000
"Rumah Cluster,Hook,2 Lantai,Termurah,Bebas Banjir di Curug,Bojong Sari,Depok",Bojong Sari,165,100,3,2,4400,2,2.4,3.2,3.8,7.7,15,1550000000
Rumah Dijual Di Bojongsari Dekat Mall The Park. Ada Kolam Renang,Bojong Sari,77,110,3,3,2200,2,3,2,2,5.9,13,1500000000
Rumah Selatan Jakarta dan Strategis Dekat Toll Ciputat BSD,Bojong Sari,85,85,2,1,2200,1,1.2,2.8,2.1,7.3,14,700000000
Di Jual Rumah Pinggir Jalan Serua Bojon Sari Depok Harga 1.16 Milyar,Bojong Sari,78,78,3,3,2200,2,2.4,1.5,2.9,3.8,10,1160000000
Rumah Siap Huni Dalam Cluster TRE Vista Residence Dekat Tol Pamulang dan Mall Sawangan Depok,Bojong Sari,121,121,4,2,5500,2,4,4.7,5.4,10,17,2500000000
Rumah Murah 2 Lantai Full Furnished Bagus Shm Jalan Cemara Depok,Bojong Sari,446,376,6,5,4400,2,5.1,8.6,7.3,9.6,9.3,3900000000
Dijual Rumah di Trevista Hills Bojongsari Depok,Bojong Sari,84,45,2,1,3500,1,4,4.7,4.8,8.9,16,990000000
Hunian Eksklusif untuk Anda yang Telah Melangkah Lebih Jauh,Bojong Sari,128,197,5,5,5500,3,1.2,3.2,1.9,7.6,12,3500000000
Rumah 3 Lt Strategis 5 Menit ke The Park Sawangan Dibantu KPR J-38329,Bojong Sari,72,220,4,2,2200,3,0.6,1.9,0.6,6.6,12,2660000000
"Rumah 3 Lantai dengan Ruang Lebih Luas, Ideal untuk Keluarga di Bojongsari Depok",Bojong Sari,144,179,4,4,3500,2,1.7,3.6,2.3,7.7,12,3800000000
Rumah 2 Lantai di Sutera Sawangan Bojong Sari Depok,Bojong Sari,105,103,4,4,2200,2,1.7,1.5,1.1,6.8,13,2000000000
Rumah Bagus 2 Lantai Sawangan Cluster Kamila 2 Fully Furnish,Bojong Sari,66,47,2,2,5500,2,1.7,2.6,1.8,7.1,13,1350000000
Rumah Harga Murah di Pondok Petir Bojongsari,Bojong Sari,85,75,2,1,2200,1,4.4,3.5,4.6,7.2,14,800000000
Rumah 3 Lantai Siap Huni Jalan Besar di Beji Depok,Beji,85,130,3,3,2200,3,1.6,3.2,3,2.3,3.4,1690000000
Rumah LB 202 Hadap Selatan 5 Menit ke Gerbang Tol Margonda J-39938,Beji,101,202,4,3,2200,2,2.3,1.1,1.6,0.28,1.8,2210000000
"Rumah Second Berkualitas Dalam Cluster - Lokasi Premium Beji, Depok",Beji,86,90,3,3,2200,1,2.3,3.7,3.5,2.2,2.3,850000000
Rumah Minimalis 15 Menit ke Gerbang Tol Sawangan 4 Dibantu KPR J38420,Beji,85,45,2,1,2200,1,2.4,2.6,3.9,2.2,4,780000000
Rumah di Beji Depok Strategis Siap Huni,Beji,188,350,6,3,5500,2,2.4,5.1,2.3,2.9,6.1,3500000000
Rumah Dalam Komplek Tanah Luas Murah Strategis di Tanah Baru Beji Depok,Beji,334,314,5,5,5700,2,2.7,2.8,3.7,2.5,4.2,3700000000
Rumah Luas 2 Lantai di Jl H Iming Beji Depok,Beji,300,400,6,4,2200,2,1.6,2.6,3,1.8,1.7,2400000000
Rumah 10 Menit ke Gerbang Tol Kukusan 3 SHM Hadap Selatan J-36747,Beji,72,72,2,1,1300,1,2.5,4,3.6,2.9,5,720000000
"Rumah Komplek Siap Huni di Beji Permai, Tanah Baru Depok",Beji,104,190,4,2,2200,2,2.7,3.1,3.8,3.1,4.2,1250000000
Rumah dua lantai di kawasan jalan haji murtalih Beji Depok,Beji,92,140,6,2,2200,2,1.1,0.8,3,2.2,1.3,1800000000
Rumah Cluster Termurah Dekat Tol Kukusan,Beji,55,40,2,1,1300,1,4.3,0.75,1.8,0.75,3.2,590000000
Rumah Margonda Hos Depok Dijual Murah Lokasi Strategis,Beji,100,83,3,2,2200,2,1.9,0.85,1.3,1.1,1.2,1600000000
"Di Jual Rumah Letak Strstegis Depok Rumah Bagus SHM di Jl. Dahlia Raya No. 2, Beji Timur, Beji, Kota Depok, Jawa Barat, Indonesia, 16422, Beji",Beji,200,100,2,1,2200,1,2.3,1.7,1.3,2.3,1.6,1800000000
Cluster Konsep Scandinavian Attic Room Margonda Pusat Kota Depok,Beji,75,110,4,3,2200,2,2.2,1.1,1.6,1.6,1.7,1390000000
Rumah SHM Siap Huni 9 menit ke Pintu Tol Kukusan 3 Bebas Banjir J28275,Beji,72,40,2,1,2200,1,2.3,3.3,4,2.7,4.5,830000000
Rumah 10 Menit ke Gerbang Tol Brigif 1 SHM Siap Huni J-37554,Beji,96,180,3,2,2200,2,1,1.4,0.5,1.9,0.7,1830000000
Rumah Tanah Luas 5 Menit ke Eka Hospital Margonda 3 Lt Hadap Utara J34181,Beji,298,453,5,6,6600,3,1.8,1.1,1.1,0.8,1.5,4540000000
Rumah 6 Kamar Tidur SHM 15 menit ke Gerbang Tol Sawangan 1 J-33738,Beji,385,350,6,4,6600,2,1.8,2.4,1.6,1.9,1.7,3870000000
Dijual Rumah Mewah Di Beji Hadap Barat Laut,Beji,400,350,5,4,2200,2,1.9,1.9,1.7,2.3,0.9,5700000000
Rumah Tanah Luas 6 Menit ke Gerbang Tol Kukusan 3 Bebas Banjir J28202,Beji,838,456,7,5,5500,2,1.3,2.4,1.1,1.1,2.7,4090000000
Rumah Di Jual Di Tengah Kota Depok,Beji,300,380,3,3,2200,2,2,0.95,1.2,1.5,1.3,4500000000
Dijual Cepat Rumah di Perumahan Beji Permai Depok,Beji,254,220,5,4,3500,2,2.3,3.1,3.4,2.7,3.8,2800000000
HJual Cepat Rumah Di Orchid Town House Beji Depok,Beji,130,120,3,2,4400,1,1.9,1.8,1.7,1.1,3.6,1700000000
Rumah 3 Lantai Depok Belakang Polsek Beji 600m Ke Pintu Toll,Beji,200,250,4,3,3500,3,0.85,3.1,2,1.1,3.5,1900000000
"Jual Rumah 2 Lantai Di Jl. Niin, Dekat Tol Beji Depok",Beji,199,190,6,4,3500,2,1.8,4.7,2.8,2.2,5.5,2500000000
"Jual Rumah Murah Di Pondok Mahoni Permai, Depok Utara.",Beji,87,90,3,3,2200,2,2.2,3.2,2.9,2.6,2.9,970000000
Rumah Depok Perumnas Beji Dekat Tol Dan Musholla Siap Nego,Beji,110,100,4,2,1300,2,1.5,3.3,2.2,1.8,2.7,1050000000
"Dijual Rumah di Kompleks Villa Magnolia, Beji,Kota Depok,Dekat Akses Tol Kukusan,Dekat KRL Setasiun Ui",Beji,105,91,2,2,2200,2,1.3,2.3,1.3,1.4,2.6,1300000000
Rumah Pusat Kota di Royal Margonda Riverside Depok,Beji,60,84,2,1,1300,2,2.3,1.1,1.6,0.3,1.7,1200000000
Rumah Klasik Murah Tanah Luas Strategis di Raden Sanim Beji Tanah Baru Depok,Beji,358,250,4,3,4400,2,2.6,2.8,3.7,3,4.2,2400000000
RUMAH 2 LANTAI DI GOLDEN LEAF RESIDENCE BEJI,Beji,196,220,4,4,2200,2,0.8,2.9,1.8,1,3.5,2100000000
Dijual Rumah 2 Lantai Dekat Stasiun di Perumahan Depok Mulya 2,Beji,128,240,5,3,2200,2,1.4,2.3,1.2,1.7,1.9,3500000000
Dijual Rumah Second Beji Depok 600 Jutaa,Beji,60,40,2,1,1300,1,4.3,0.75,1.8,0.9,3.4,660000000
Rumah LB 188 SHM 12 menit ke Gerbang Tol Kukusan 1 Dibantu KPR J-13837,Beji,96,188,3,3,4400,2,2.4,2.6,3.9,3.2,4,1770000000
Cluater Mustofa Ready Stock Shm Dp 0,Beji,60,45,2,1,2200,1,0.8,4.2,1.9,0.8,3.4,700000000
Kukusan Beji Depok Rumah 1Lantai Strategis Komeraial Area 3.95M,Beji,457,240,4,3,2200,1,0.8,4.2,1.9,0.7,3.1,3950000000
Rumah Hadap Utara 6 Menit ke Gerbang Tol Kukusan 1 Dibantu KPR J35161,Beji,113,100,3,2,2200,2,1.8,4.5,1.5,1.6,2.8,1990000000
Rumah Siap Huni 3 KT 10 Menit ke Pintu Tol Kukusan 3 Bebas Banjir J35237,Beji,137,75,3,1,1300,1,1.4,3.5,2,2,2.8,780000000
Jual Rumah Hook Di Beji Depok Dekat Jagakarsa,Beji,98,150,5,4,3300,2,1.6,4.7,2.7,1,5.4,1600000000
Rumah di Beji Kukusan Baru Depok,Beji,56,44,2,1,2200,1,1.2,4.7,1.6,1.2,3,630000000
"Rumah 2 LT, Semi Furnished, Lingk. Nyaman, Green Andara Residence",Cinere,151,154,5,4,3500,2,3.1,3.3,1.3,0.9,4.8,3850000000
Super Murah. Cinere Estate. Rmh Besar Asri & Terawat Bebas Banjir,Cinere,301,275,5,4,2200,2,3,1.7,1.5,2.3,7.6,2400000000
Rumah Hook di Bukit Cinere Indah Kompleks Besar Bagus Asri SHM,Cinere,360,360,4,4,3500,2,2.3,0.95,1.9,1.5,6.8,6500000000
Rumah Luas 2 Lt Siap KPR 10 Menit ke Gerbang Tol Brigif ⁠J-35455,Cinere,169,200,3,2,2200,2,2,1,3.6,1.2,8.7,3300000000
Dijual Cepat Rumah 2 Lantai Cinere Depok,Cinere,183,223,5,4,3500,2,2.4,1.1,1.7,2.5,6.9,2980000000
Dijual Rumah di Taman Mutiara Cinere Depok,Cinere,120,160,3,3,3500,2,3.6,2.3,3,0.85,6.3,2500000000
"Dijual Rumah LT. 540 M2 di Jl. Bandung Cinere, Depok (Dd)",Cinere,540,290,5,3,10000,1,2.7,1.4,2.7,3.1,6.7,8000000000
ual Cepat Miring Rumah 2025 LT 180M2 di Cinere Estate Depok,Cinere,180,223,5,3,4400,2,3,1.7,1.5,2.3,7.6,2980000000
"Rumah Luas dan Asri Siap Huni di Andara, Pangkalan Jati, Cinere, Depok",Cinere,230,160,3,3,3500,1,3.4,3.6,1.6,0.85,4.6,2250000000
Rumah Luas Tanah 200 di Graha Cinere Dekat Tol Krukut Antasari,Cinere,200,250,5,3,2200,2,4.7,4,2.7,2.4,8.7,1950000000
Rumah Keren Akses 2 Mobil Dekat Villa Cinere Dan Stasiun Depok,Cinere,61,55,3,2,2200,2,1,1.2,2.4,2.8,5.5,891000000
Rumah 3 Kamar Siap Huni 6 menit ke Gerbang Tol Brigif 4 Bisa KPR J38848,Cinere,170,140,3,2,3500,2,2.4,1.1,3.7,2.1,6.7,1940000000
Rumah Siap Huni di Bukit Cinere Depok,Cinere,201,105,3,3,3500,2,2.3,1,3.4,1.3,6.8,2300000000
Rumah SHM Idaman 15 Menit ke Gerbang Toll Limo 2 Sudah Renov J27167,Cinere,60,40,2,1,2200,1,3.7,2.4,3.2,1.5,7,590000000
For Sale Brand New House di Megapolitan Cinere dengan Lokasi Startegis,Cinere,100,135,4,5,6600,2,2,1,3.6,3.4,6.6,1750000000
Rumah Cantik dan Asri,Cinere,120,180,4,4,4400,2,3.4,2.1,1.8,3,7.9,2500000000
Brand New House di Kompleks Megapolitan Cinere,Cinere,169,200,5,3,6600,2,2,1,3.6,3.4,6.7,2700000000
Rumah Di Villa Cinere Mas,Cinere,500,300,6,4,5500,2,1.8,2,2.4,5,5,6500000000
Rumah Siap Huni Harga Menarik,Cinere,102,200,5,2,5500,2,3.4,2.1,2.3,2.9,7.9,1600000000
Rumah di Bukit Cinere Indah Asri Dan Siap Huni,Cinere,442,250,7,4,3500,1,2.3,0.95,1.9,2.7,6.9,4650000000
Rumah Mewah Baru Semi Furnished Puri Cinere SHM 8M,Cinere,225,385,5,5,11000,2,0.9,1.1,2.1,4.3,4.4,7000000000
Rumah Ngantong Hadap Taman Baru Renovasi Komplek Puri Cinere,Cinere,338,400,4,4,11000,2,0.9,1.1,2.1,4.2,4.5,4250000000
Bukit Cinere Indah,Cinere,381,197,5,5,5500,2,2.3,1,1.9,3.1,6.7,4600000000
Modern House di Puri Cinere – Strategis & Nyaman untuk Keluarga Modern!,Cinere,200,230,5,4,7700,2,0.9,1.1,2.1,4.4,4.5,3300000000
Hunian Asri & Nyaman di Lingkungan Premium Cinere,Cinere,160,170,4,3,7700,2,2.2,0.95,1.8,1.6,6.8,2900000000
"Rumah Mewah Cinere. di Jl. Tanjung No. 148, Cinere, Cinere, Kota Depok, Jawa Barat, Indonesia, 16514, Cinere",Cinere,518,300,7,6,5500,2,1,0.75,2.5,3.6,7.2,3300000000
Dijual Rumah Bagus Strategis di Cinere.,Cinere,180,223,4,3,4400,1,3.2,1.8,2.8,2.3,7.6,2980000000
Rumah Tinggal 2 Lantai Modern Dekat Super Indo Gandul,Cinere,64,90,2,2,2200,2,2.6,1.3,3.6,1.7,6.8,1500000000
Rumah Di Bukit Cinere Indah,Cinere,351,340,6,5,5500,2,2.3,0.95,1.9,3.3,6.8,4700000000
Rumah 1 Lantai Kondisi Bagus Siap Huni Di Megapolitan Cinere Dekat Akses Toll Krukut,Cinere,346,235,4,3,4400,1,2,1,3.6,3.4,6.8,3500000000
Rumah Siap Huni di Mega Cinere Halaman Luas Lingkungan Tenang,Cinere,162,142,4,4,3300,2,1.4,0.1,2.6,2.5,6.1,2650000000
Rumah di Villa Cinere Mas Luas 350 Meter Harga 3 Milyaran,Cinere,350,200,5,5,2200,2,1.8,2,2.4,4.7,5.1,3500000000
Dekat Pintu Toll Limo 2 Lantai Ekslusif Siap Huni,Cinere,95,85,3,3,2200,2,1,4,1.5,2,8.3,1400000000
"Rumah di Graha Cinere Limo Depok, Dekat Pintu Tol dan bisa KPR",Cinere,75,75,2,1,2200,2,4.9,3.6,1.9,2.6,8.7,1100000000
"Rumah Siap Huni, 4 Kamar, SHM, Graha Cinere, Cinere",Cinere,90,110,5,2,2200,2,4.8,3.4,1.7,2.5,8.6,1530000000
Rumah Nyaman Halaman Luas di Jl Lereng Indah Cinere,Cinere,1300,400,5,4,4400,2,3.6,2.3,1.4,3,8.2,6500000000
Hunian Impian di Komplek Elit Bukit Cinere Indah,Cinere,140,150,6,5,3300,2,2.3,0.95,1.9,3.4,6.9,2150000000
"For Sale Rumah 240 Meter Dijual 1,5 Lantai di Puri Cinere",Cinere,240,180,6,4,5500,2,0.9,1.1,2.1,4.6,4.5,3200000000
rumah cantik di cinere dekat pintu tol brigif,Cinere,188,120,4,3,3300,2,3.2,1.9,3.3,2.4,5.9,1700000000
Rumah LT 144 Strategis 12 Menit ke Gerbang Tol Limo 2 Siap Huni J43807,Limo,144,258,5,5,5500,2,3.7,3.8,3.7,3.2,7.9,1660000000
Rumah LB 105 SHM 12 Menit ke Dtc (Depok Town Center) J-40118,Limo,84,105,3,2,3500,2,4,3.5,3.3,2.9,7.6,1600000000
Rumah Hadap Selatan SHM 9 Menit ke The Park Sawangan Dibantu KPR J-36721,Limo,90,60,2,2,1300,1,3.7,3.9,2.8,2.3,8.8,780000000
"Rumah Dijual Dalam Perumahan Dekat Gerbang Tol Limo, Depok",Limo,98,60,2,1,3500,1,4,4.9,2.2,2.1,8.9,1180000000
Di Jual Rumah Siap Huni 100m di Limo DEPOK,Limo,100,100,4,1,1300,1,5.4,2.2,4,1.9,8.1,570000000
Rumah Modern Minimalis di Limo Siap Huni,Limo,78,106,3,3,4400,2,5.4,3,3.1,2.5,7.3,1400000000
Rumah Secondary Villa Santika Grogol Limo Depok,Limo,140,100,3,2,1300,1,3.6,2.2,4.5,1.4,6.1,1350000000
Rumah 15 Menit ke Gerbang Tol Kukusan 1 Siap Huni Dibantu KPR ⁠J-18009,Limo,84,52,2,2,2200,1,5.7,2.4,4.8,3,5,880000000
"Rumah Bagus Jl Cendrawasih Griya Cinere, Depok, Jawa Barat",Limo,161,98,4,3,3500,2,4.7,3.4,0.9,0.85,8.9,1350000000
Rumah Bagus Di Griya Taman Tiga Putra Limo Depok,Limo,72,80,2,3,2200,2,3.2,4.1,3.2,2.8,8.5,1250000000
"Dijual Rumah di Perumahan Alam Persada Cemara, Depok SHM Bagus",Limo,81,60,2,1,2200,1,3.1,2.7,4.6,2,6.2,765000000
Dijual Rumah Siap Huni Strategis di Jalan Raya Limo Depok//01.26,Limo,35,35,2,1,900,1,4.3,4.6,1.9,1.3,9,250000000
Dijual rumah di limo Depok,Limo,719,179,4,3,4400,1,3.1,2.9,4.1,3.7,6.9,3750000000
"Rumah 2Lt, Semi Furnished, Hdp Selatan, di Prmhn YVE Habitat Limo",Limo,128,115,4,3,11000,2,5.3,3.7,2.7,2.2,8,2350000000
Rumah LB 140 SHM 10 Menit ke Mall Cinere Bellevue J-35682,Limo,105,140,3,2,2200,2,4.8,3.5,1,1.2,8.8,1500000000
"Rumah Di Cinere Residence Depok, Sudah Full Renov",Limo,90,38,2,2,2200,1,4.3,5.8,3.7,3.2,10,870000000
Rumah Bagus Di Depok 3 Menit Ke Pintu Tol Limo,Limo,123,90,3,2,5500,2,4.6,3.3,0.8,1,8.9,1700000000
Rumah Baru Tahap Finishing Lokasi Strategis Dekat Tol Limo,Limo,75,36,2,1,1300,1,4.1,5.6,3.5,3.1,11,750000000
Rumah Siap Huni Dekat Tol Limo Kota Depok,Limo,133,144,4,4,3500,2,3.2,3,3.8,1,8.7,1270000000
"Rumah 2Lt, Renoved 2021, Hdp. Timur, Semi Furnished, Griya Cinere",Limo,102,200,5,2,5500,2,3.8,2.5,0.3,1.5,8.5,1600000000
"Rumah 1Lt, Hdp Timur, Hal Luas, Semi Furnished, Griya Cinere Limo",Limo,410,200,6,3,2200,1,3.8,2.5,0.5,2,8.5,3200000000
Jual Rumah Pendowo Limo Siap Huni 84/120 2lt 4kt..limo.. 1.5m,Limo,84,120,4,3,2200,2,5.3,3.7,2.6,1.6,7.6,1500000000
Dijual Rumah Asri Di Jl Pulomangga Limo Depok,Limo,501,150,5,3,2200,1,5.3,2.8,3.1,2.8,6.9,1950000000
Komplek De Fatmawati Rumah Nyaman Siap Huni Limo Depok,Limo,68,50,2,1,2200,1,4.2,4.3,4.2,3,8,699000000
Rumah 2 Lantai Modern Elegan Pesona Premier Limo Depok,Limo,60,75,3,2,1300,2,4.2,3.2,3,0.3,8.2,1110000000
 Rumah Graha Cinere Parkview Siap Pindah SHM,Limo,105,127,4,4,2200,2,4.8,2.9,4.2,2.5,7.9,1750000000
Rumah Bagus 2 Lantai Siap Huni di Limo Residance. Cinere,Limo,133,180,4,4,3500,2,4.8,4,1.3,0.9,8.7,1700000000
Rumah 2 lantai Dalam Cluster di Limo,Limo,44,88,2,2,900,2,3.8,4.6,1.9,1.5,8.8,450000000
Rumah Tanah Luas Murah Cluster Siap Huni di Grogol Limo Depok,Limo,94,90,3,2,2200,2,5.2,1.2,4.5,2.5,5.8,940000000
Rumah 2lt Masih Baru Dalam Cluster Limo,Limo,96,120,4,4,2200,2,3.7,4.7,2.1,1.7,9.5,1450000000
"Rumah Griya Pendowo Lt. 140 Harga 1,6 M",Limo,140,100,3,2,2200,2,4.4,3.3,3.2,2.2,7.3,1600000000
Rumah Siap Huni Dekat Masjid bisa KPR Maruyung Limo Depok,Limo,70,36,2,1,1300,1,2.9,4.4,3.5,5,5.1,660000000
Rumah Bagus 2 Lantai Siap Huni di Limo Residance. Cinere,Limo,133,180,3,4,3500,2,4.8,4,1.3,0.9,8.7,1700000000
Dijual Rumah Nyaman Siap Huni di Laguna Graha Cinere,Limo,300,215,4,4,4400,2,4.7,3.4,1.7,3,8.9,4000000000
Rumah Baru Brand New deket Mall dan Tol di Limo Depok,Limo,90,140,5,4,2200,2,3.4,2.3,4.7,3.1,5.6,1390000000
Rumah Bagus Siap Huni Dekat Akses Tol di Cinere Park View,Limo,105,115,4,3,2200,2,4.8,3.5,1.8,2.6,9.5,1900000000
Jual Cepat Rumah Murah Siap Huni di Griya Cinere Depok,Limo,120,180,5,2,5000,2,4.8,3.5,1,0.9,8.8,1600000000
Rumah Strategis Dekat Limo 15 Menit ke Gerbang Tol LT 98 Siap Huni J34682,Limo,98,84,3,2,2200,2,3.9,2.6,0.9,2.4,8.8,1500000000
Rumah Dengan Tanah Luas Di Limo Cinere Kota Depok,Limo,300,150,7,3,3500,2,3,3,2,2,9,2800000000
Rumah 3 Lantai Furnished di Jl. Kp. Grogol Sebrang Limo Dekat Tol,Limo,131,261,4,3,4400,2,4.4,2.8,3.6,2,7.1,1900000000
Ready Siap Huni Tanpa Dp Free Biaya KPR dan SHM Balik Nama,Sawangan,60,40,2,1,2200,1,3.4,7,9.2,6.5,6.9,630000000
Dijual Rumah di Perum Cluster River View Cinangka Sawangan,Sawangan,90,120,4,3,2200,1,4,4.1,4.6,4.1,11,900000000
"Brand New, Minimalis Modern 2 Lt, Type Verdant, Shila at Sawangan",Sawangan,98,110,3,3,4400,2,3.3,4.8,8.8,7,11,1890000000
Rumah Ready di Bedahan Depok Strategis Kpr/Cash,Sawangan,70,80,3,2,1300,2,1.1,4.4,6.2,6.9,5.9,600000000
Jual Dekat Universitas Terbuka Practical House Cinangka Depok,Sawangan,40,80,3,2,2200,2,2.3,2.5,4.5,4.1,12,800000000
"Rumah Bagus SHM Tanah 120, Sawangan Permai",Sawangan,120,80,2,1,1300,1,0.16,3.4,5.8,2.9,8.7,900000000
Rumah Cluster3 Kamar.dijual Cepat Villa Ruzki Ilhami Depok Jawa Barat,Sawangan,163,133,3,3,2200,2,3.6,4.8,9.1,6.3,10,900000000
Rumah Murah 1 Lantai Siap Huni Dlm Cluster Dicinangka Depok,Sawangan,75,45,2,1,1300,1,1.9,2.5,5,4.9,11,685000000
Rumah Second Murah 2 Lantai Siap Huni Ditelaga Golf Sawangan,Sawangan,160,150,5,4,2200,2,2.8,6.6,5.2,5.2,11,2000000000
Rumah Asri & Nyaman Dalam Lingkungan Perumahan Elite di Sawangan Depok.,Sawangan,200,180,5,4,4400,2,3.5,5.6,7,6.1,11,2200000000
Rumah 2 Lantai 395 Juta Di Cipayung Depok,Sawangan,40,50,2,2,1300,2,2.8,4.4,8.6,3.8,5.6,395000000
"Komplek 1 lantai, Taman Hayati Salam, Mukhtar Raya,Sawangan,Depok",Sawangan,72,36,2,1,2200,1,0.7,3.1,5.6,2.4,8.3,600000000
"Rumah di Perumahan Bukit Rivaria, Sawangan, Depok",Sawangan,195,130,4,3,2200,1,2,5.3,8.5,3.7,8.2,1400000000
Dijual Cepat Murah Turun Harga Rumah di Bukit Rivaria Sawangan Depok,Sawangan,140,100,3,2,1300,1,1.8,5.1,8.3,4.5,8.8,850000000
Rumah Siap Huni di Area Pasir Putih Sawangan Depok,Sawangan,204,350,5,3,2200,1,3.2,4.9,9,3.8,5.7,1200000000
Rumah Shila Sawangan Dijual Semi Furnished,Sawangan,220,280,6,7,6600,2,2.1,5,7.6,5.9,11,4500000000
Dijual rumah 400 jutaan di Cipayung Depok dekat stasiun Citayam,Sawangan,60,36,2,1,1300,1,2.8,4.4,8.6,3.8,5.6,417000000
Rumah 2 Lantai di Depok 13 Menit ke Terminal SHM Bebas Banjir J35679,Sawangan,112,100,3,2,1300,2,3.9,3.9,4.5,4.1,9.9,1240000000
Rumah Minimalis Siap Huni di Jalan Raya Muhtar Sawangan,Sawangan,79,75,3,2,2200,2,1.6,4.8,7.1,4.2,9.3,800000000
Dijual Cepat Murah Rumah Cluster di Citronella Sawangan Akses Tol Desari Sawangan dan Stasiun KRL Depok,Sawangan,72,45,2,1,1300,1,1,4.3,6.8,3.9,8.8,550000000
"Rumah 2 Lantai Bagus Unfurnished SHM di Jl. Duren Mekar, Depok",Sawangan,60,75,3,2,2200,2,3.9,6,9.5,6.6,9.7,880000000
RUMAH LUAS 2 LANTAI SAWANGAN PERMAI DEPOK,Sawangan,380,329,5,3,2200,1,0.16,3.4,5.9,2.9,8,2800000000
Dijual Termurah Rumah Baru di Komplek Bni,Sawangan,84,52,2,1,1300,1,3.1,6.8,8.9,6.2,6.8,795000000
Hunian Nyaman di Pesona Sawangan Residence,Sawangan,90,45,2,1,1300,1,1,4.3,6.8,3.7,8.6,685000000
Rumah Ready 2 Lantai di Sawangan Depok Bogor,Sawangan,110,110,4,3,1300,2,0.9,4.5,6.7,3.9,8,850000000
Di Jual Rumah Elit Di Citra Lake Sawangan,Sawangan,150,144,4,4,3500,2,1.5,0.8,7.5,6.6,12,1700000000
Dijual & Disewakan Rumah Full Furnished Di Cluster Mewah Di Citralake Sawangan Bojongsari Depok,Sawangan,504,300,4,3,5500,3,1.5,0.8,7.5,6.6,12,5000000000
RUMAH SEMI FURNISHED DI BUKIT RIVARIA SAWANGAN DEPOK,Sawangan,180,200,4,4,4400,2,2,5.3,8.5,4.7,9.1,2200000000
Rumah 4 KT Siap Huni Dekat Gerbang Tol Sawangan 4 Hadap Utara J14173,Sawangan,94,160,4,2,1300,2,2.7,4.7,3.4,6.6,4.6,1550000000
Rumah Minimalis 2 Lt 4 Menit ke Terminal Sawangan Dibantu KPR J12952,Sawangan,81,65,3,1,1300,2,1.2,3.5,6,2.9,8.7,890000000
Rumah Minimalis Citra Lake Sawangan Depok. Rapi Siap Huni,Sawangan,96,53,2,1,2200,1,1.5,0.8,7.5,6.6,12,1080000000
Miliki Rumah 755 Juta di Depok Kpr Syariah SHM Dekat Tol,Sawangan,50,70,3,2,1300,2,2.8,2.1,5.5,4.6,11,755000000
"Rumah di Sawangan Depok, Dalam Komplek Lokasi Strategis",Sawangan,96,76,3,2,2200,1,2,4.5,7.7,3.9,6.6,800000000
RUMAH MURAH BAWAH NJOP BEBAS BANJIR DI BUKIT RIVARIA SAWANGAN,Sawangan,183,90,2,1,1300,1,2,5.3,8.5,4.7,9.1,1000000000
Ga sampe 1M Rumah Cluster Siap Huni di Telaga Golf Sawangan,Sawangan,105,97,3,2,3500,1,2.8,6.6,5.2,5.2,11,990000000
"Villa 3 Lantai View Danau, Baru Dan Ekslusif, Fine Homes, Citralake Sawangan",Sawangan,507,191,4,4,2200,3,1.5,0.8,7.5,5.9,12,6150000000
Di Jual Rumah Bagus Unfurnished Di Depok,Sawangan,56,35,2,1,1300,1,4.9,6.7,9.4,6.1,3.9,285000000
Citralake Sawangan Cluster Orange Cascana 2 Kamar Tidur 6X16,Sawangan,96,53,2,1,2200,1,3.6,7.7,1.3,6.3,12,1050000000
"Dijual Rumah 2 lantai di Villa Rizki Ilhami 2, Sawangan Depok SHM Bagus",Sawangan,249,215,4,4,4400,2,2.4,4.4,8.7,7.3,10,2500000000
"Dijual Rumah di Jl Bni 46 Kel. Bedahan, Kec. Sawangan, Kota Depok",Sawangan,77,96,3,3,2200,2,3.1,6.8,8.8,6.2,6.8,800000000
"Rumah 2 Lt, Hdp. Utara, Semi Furnished, dlm Cluster di Cagar Alam",Cipayung,92,78,4,3,1300,2,3.5,5.2,5.3,4.6,2,1150000000
Rumah LT 121 Strategis 15 Menit ke Stasiun Depok 1 Lt Dibantu KPR J28215,Cipayung,121,65,2,1,1300,1,3.9,4.6,8.7,4.7,3.1,710000000
"Hanya 3 Juta Dapat Rumah 2 Lantai SHM Rawasari Cipayung, Depok",Cipayung,50,60,3,2,2200,1,3.4,5.4,9.9,5.7,2.6,750000000
"Jual Cepat Butuh Uang SHM Komplek Bulak Timur Cipayung, Depok",Cipayung,76,55,3,1,1300,1,4,4.1,8.2,4.2,3.6,425000000
"Rumah Baru 2 Lantai Cipayung Depok, Pinggir Jalan Raya SHM Pecah",Cipayung,64,72,2,2,1300,2,2.4,5.8,10,6,1.6,750000000
Dijual Rumah 2 Lantai 4 Kamar Di Cipayung Depok,Cipayung,96,137,4,3,2200,2,2.6,4.9,7.7,6.6,3,1500000000
Rumah Luas Strategis 15 Menit ke Stasiun Citayam Dibantu KPR J-37279,Cipayung,119,69,3,2,2200,2,3.1,3.2,7.4,3.8,4,1170000000
"Rumah 2 Lantai Baru SHM di Rumah Dekat Stasiun, Depok",Cipayung,67,36,3,1,1300,2,3.5,4.4,7.9,4.9,4.1,420000000
Rumah Mezzanine KPR Syari'ah Developer Di Cipayung Depok,Cipayung,60,32,2,1,1300,1,3.5,4.4,7.9,5.8,3.5,372000000
Rumah Shm Di Komplek Perumahan Cipayung Depok,Cipayung,75,45,2,1,2200,1,4.2,4.1,6.1,4.3,3.9,575000000
Rumah Bagus Siap Huni Casa Perdana Unfurnished SHM Cipayung Depok,Cipayung,100,66,2,1,2200,1,2,4.3,6,4.6,2,950000000
Dijual Turun Harga Rumah 2 Lantai Harga 1 Lantai Akses Kereta Krl Depok Dan Citayam,Cipayung,100,120,4,2,2200,2,1.6,2.3,5.9,3.7,3.4,1100000000
"Dijual Rumah D'arjuna Residence Kelurahan Ratu Jaya, Hunian Strategis Harga di Bawah Pasar",Cipayung,97,40,2,1,1300,1,2.4,4.7,6.7,5.7,2.3,650000000
Rumah Cluster Cipayung Depok,Cipayung,59,45,2,1,1300,1,3.6,5.3,9.5,5.5,2.9,500000000
"Dijual Rumah Murah di Green Pitara Cipayung Depok – SHM, 3 Kamar Tidur, Bonus Furniture",Cipayung,72,72,3,3,1300,2,2.9,3,7.2,3.5,3.7,849000000
urun Harga Rumah Cantik Minimalis Villa Laskar Indah Depok,Cipayung,84,75,2,1,900,1,2.6,6.8,9.7,6.9,0.85,450000000
Rumah SHM 2 Lt Hadap Timur 7 Menit ke Stasiun Citayam Dibantu KPR J-37281,Cipayung,90,70,3,2,2200,2,2.1,6.8,7.4,7,1.4,830000000
Rumah 2 Lantai Konsep Mediterania Klasik di Depok,Cipayung,61,72,2,1,2200,2,3.6,6.6,9.3,6.1,2.2,862000000
Rumah 1 Lantai SHM 10 Menit ke Stasiun Depok Siap Huni Dibantu KPR J28871,Cipayung,81,45,2,1,1300,1,3.5,4.2,7.7,5.6,3.3,470000000
"2 Lantai SHM Komplek Bulak Timbul Pondok Terong Cipayung, Depok",Cipayung,107,107,4,3,1300,2,2.7,5.7,9.9,5.9,2,750000000
Rumah Minimalis 15 Menit ke RS Citra Medika Depok Bebas Banjir J31396,Cipayung,42,30,2,1,1300,1,3.1,5.2,5.2,5.4,3.3,420000000
"Dijual Rumah Hy 750jt di Citayem, Cipayung Depok Jawa Barat",Cipayung,131,125,3,2,2200,1,1.2,3.5,6.3,5.2,1.4,750000000
"Dijual Rumah Siap Huni - Harga Terjangkau di Cipayung, Depok 10 Menit ke Stasiun Citayam",Cipayung,50,40,2,1,1300,1,2.4,6,7.4,6.6,1.2,300000000
Rumah minimalis,Cipayung,81,75,3,1,1300,1,3.7,3.2,8,4.5,3.8,650000000
Rumah Dijual Cipayung Depok Lantai,Cipayung,100,106,4,4,2200,2,3.6,6.2,9,7,1.8,800000000
Rumah Dijual Masuk Dari Jl Jembatan Serong Cipayung Depok,Cipayung,81,60,3,2,1300,1,3.3,3.4,7.6,3.8,3.7,650000000
di jual rumah di kawasan perumahan Depok bersih kecamatan Cipayung Depok,Cipayung,90,65,2,1,2200,1,2.3,4.6,7.3,6.9,2.4,885000000
"Rumah 2 Lantai Bagus SHM di Perum Permata Depok, Pondok Jaya, Cipayung Depok, Jawa Barat.",Cipayung,90,113,3,2,2200,2,2.8,6.4,9.2,7.3,1.1,750000000
"Luas Tanah 170 M2 SHM Bulak Indah Anggrek Cipayung, Depok",Cipayung,170,160,4,2,1300,2,4.5,4.2,8.3,4.3,3.8,750000000
Rumah Dijual Cluster Le Mirage Gardenia Siap Huni Rumah,Cipayung,84,50,2,1,2200,1,4.2,4.3,8.5,4.3,3.4,900000000
Dijual Butuh Mendesak Rumah Siap Huni,Cipayung,60,45,2,1,1300,1,3.2,5.5,8.9,5,2.2,495000000
Rumah Baru Cipayung Depok 2 Lantai SHM Dekat Stasiun KRL dan Tol,Cipayung,60,50,3,2,2200,2,3.2,5.4,9.6,6.4,2.4,750000000
Rumah Bagus Siap Huni 2 Lantai Permata Depok Cipayung Depok,Cipayung,90,115,3,2,2200,2,3.7,7.5,9.9,8.2,1.9,850000000
"Rumah 1 Lantai di Perumahan Mutiara Jaya Residence Blok A No. 4 Cipayung, Kota Depok, Jawa Barat Lokasi Dekat dengan Stasiun Citayam",Cipayung,70,50,2,1,1300,1,4.2,4.3,8.5,4.5,3.9,950000000
"[Hot] Rumah Atl Cipayung di Dekat Stasiun Kota Depok Lama, Mewah Murah Baru, Jual Dijual",Cipayung,65,36,3,1,1300,2,1.9,6.4,7.5,5.1,3.3,405000000
Rumah Baru Ready 400jtan Rumah 1 Setengah Lantai 3Km Stasiun Depok Lama,Cipayung,68,36,3,1,1300,1,3.5,4.4,7.9,5.8,3.5,430000000
Rumah Shm Di Komplek Perumahan Cipayung Depok,Cipayung,75,45,2,1,2200,1,4.2,4.1,8.3,8.1,3.9,575000000
Rumah Hook Murah Siap Huni baru renovasi Depok dikomplek harga murah Jual Cepat,Cipayung,150,200,5,4,2200,2,4.5,3.3,8.9,3.7,4.3,1800000000
"Rumah 2 Lantai Sudah Renovasi Unfurnished SHM di Jl Pitara Raya Kelurahan Cipayung Depok, Depok",Cipayung,72,89,4,3,2200,2,1.6,2.3,5.9,4.5,3.4,1350000000
Rumah Nyaman Lingkungan Aman Mutiara Depok,Sukmajaya,105,100,3,2,2200,2,1.8,5.5,6.9,6.2,4.8,1300000000
Rumah SHM Terawat 13 Menit ke Primaya Hospital Depok Siap KPR J41215,Sukmajaya,95,54,2,1,2200,1,1.8,6.5,7.5,7.1,4.7,1050000000
Rumah Luas SHM 15 Menit ke Gerbang Tol Margonda 3 Bebas Banjir J43732,Sukmajaya,178,300,6,3,2200,2,0.18,4.8,7.2,5.5,4.1,2880000000
Rumah LB 280 Hadap Selatan 7 Menit ke Mall Pesona Square J-43415,Sukmajaya,149,280,3,2,3500,2,1.1,3.3,1.2,2.4,5.7,1990000000
Rumah Hunian Keluarga Lokasi Strategis Dekat Sman Depok,Sukmajaya,72,45,2,1,1300,1,2.5,5.8,7.7,7.5,3.9,550000000
Rumah Hoek Ex Salon Dijual di Griya Asri Depo,Sukmajaya,252,300,5,6,5500,2,1.2,4.7,7,4,3.7,5500000000
"Rumah Mewah, Dibawah Harga Pasar, SHM, Mekarjaya, Sukmajya, Depok",Sukmajaya,337,181,3,4,2200,1,3.4,1.9,3.3,3.7,3.7,2700000000
"Rumah Mewah 2 Lantai Siap Huni di Tole Iskandad, Depok",Sukmajaya,120,250,6,3,3500,2,0.9,4.5,5.5,5.2,4.4,1900000000
Rumah LB 280 Hadap Selatan 7 Menit ke Mall Pesona Square J-43415,Sukmajaya,149,280,3,2,3500,2,1.2,3.2,1.3,2.5,5.5,1990000000
Rumah Terawat 1 LT 10 Menit ke Mall Pesona Square Dibantu KPR J41753,Sukmajaya,84,46,2,1,1300,1,2.7,4.2,3.7,3.9,5,1330000000
Rumah Asri Terawat 9 Menit ke Gerbang Tol Margonda 3 bisa KPR J42492,Sukmajaya,90,120,3,2,2200,2,4.2,1.8,3,1.5,2.4,2160000000
"Rumah Bagus Dalam Komplek Di Sukmajaya, Depok",Sukmajaya,200,150,4,3,3500,1,1.9,5.8,7.5,3.6,6,3800000000
"Dijual Rumah Di Pesona Khayangan Depok, Strategis",Sukmajaya,144,250,5,4,2200,2,2.3,2.5,2.3,2.2,2.3,2900000000
Rumah Bagus Dalam Cluster Free All Biaya di Juanda Kota Depok,Sukmajaya,65,100,3,3,2200,2,2.6,1,2.3,1.5,3.1,1300000000
"Rumah Strategis Depok! Dekat Stasiun & Alun-Alun Kota, Lokasi Tirtajaya",Sukmajaya,380,600,4,3,2200,2,1.9,4.2,6.4,5.9,2.1,2150000000
Cluster Bolero .di Gdc Depok.jawa Barat,Sukmajaya,100,140,3,3,2200,2,1,6.2,8.1,8.2,4.3,1420000000
Turun Harga Rumah Siap Huni 2 Lantai di Gema Pesona Dekat Stasiun,Sukmajaya,144,250,6,5,2200,2,0.65,3.6,3.1,5.7,4.5,2200000000
Rumah Cantik Bella Casa dekat kampus UI Depok,Sukmajaya,176,185,4,3,3300,2,1.5,3,5.9,5.9,3.4,3750000000
Rumah Bagus Siap Huni Di Expander Residence,Sukmajaya,83,120,3,2,2200,2,0.7,4.6,6.5,6,4.6,950000000
"Dijual Rumah Cantik Griya Asri Depok, Sukmajaya",Sukmajaya,90,90,3,2,1300,2,1.2,4.7,7,5.1,3.6,1300000000
Rumah di Jln kemang raya Depok SHM Bagus Timur,Sukmajaya,60,42,2,1,1300,1,2.1,6.1,7.8,7,4.5,650000000
"Rumah 2 Lantai Unfurnished SHM di Jl Raya Taman Merdeka, Depok",Sukmajaya,75,65,3,2,2200,2,1.7,2.4,4.1,3.6,3.7,900000000
RUMAH CANTIK 2 LT DI CLUSTER ANGGREK SUKAMAJAYA GRAND DEPOK CITY,Sukmajaya,120,150,4,3,2200,2,2.4,4.3,7.2,7.2,2.9,1500000000
RUMAH SIAP HUNI DI PERUM PONDOK SUKMA JAYA DEPOK,Sukmajaya,66,64,2,1,1300,1,0.85,4.6,5.8,6.1,4.6,980000000
RUMAH DI ABADIJAYA DEPOK,Sukmajaya,202,97,4,2,2200,1,2,3.9,4.4,4.3,4.9,3400000000
RUMAH PONDOK SUKMAJAYA DEPOK FULL FURNISH SIAP HUNI BEBAS BANJIR,Sukmajaya,129,90,2,2,1300,1,1.3,4.7,6.7,6,4.6,1200000000
RUMAH 2 LANTAI SIAP HUNI AREA KOMPLEK PELNI,Sukmajaya,165,70,5,4,2200,2,1.7,2.8,1.8,3.2,5.1,3500000000
HUNIAN ASRI SIAP HUNI AREA SUKMAJAYA DEPOK,Sukmajaya,139,70,3,3,2200,1,1.6,4.2,4.6,4.5,5.4,1400000000
Dijual rumah di Komplek Pesona Khayangan Mungil Sukmajaya Depok,Sukmajaya,90,70,2,1,1300,1,4.2,1.8,3,2,2.7,2500000000
Rumah Strategis 10 Menit ke Gerbang Tol Margonda 3 Dibantu KPR J34984,Sukmajaya,126,210,4,3,3500,2,0.65,3.6,5.5,6.1,4.5,2050000000
Rumah Siap Huni 16 Menit ke Primaya Hospital Depok Dibantu KPR J39719,Sukmajaya,94,65,2,1,2200,1,2.4,6.4,8.1,7.6,4.4,940000000
Rumah Cantik Griya Depok Asri Sukmajaya Luas 120 Semi Furnished,Sukmajaya,120,250,5,3,2200,2,1.2,4.7,7,5.5,3.1,1750000000
Rumah Strategis Dekat Tol di Jl Pondok Duta 2 Sukmajaya Depok,Sukmajaya,237,220,5,3,2200,1,2.1,1.3,1.7,2.7,4,1850000000
Rumah 3 lantai siap huni di villa Pertiwi Depok,Sukmajaya,115,180,4,5,3500,3,1.6,7,5.2,6.3,6.4,2600000000
For Sale Rumah Di Grand Depok City - Scandinavian Semi Furnished,Sukmajaya,67,74,3,2,2200,2,1.6,4.5,7.4,4.8,1.2,980000000
"Rumah Mewah 2 Lantai Di Hook - Kawasan Elite Pesona Kayangan, Depok Dijual Cepat & Bisa Nego!",Sukmajaya,400,385,7,6,7000,2,4.2,1.8,3,1.1,1.5,8000000000
Dijual Rumah 2 Lantai di Griya Depok Asri Siap Huni Strategis,Sukmajaya,120,220,4,4,3500,2,1.2,4.7,7,6,4.5,2500000000
"Rumah Mewah Di Pesona Khayangan Juanda, Sukmajaya. Dkt Tol Cijago",Sukmajaya,172,250,4,4,3500,2,4.2,1.8,3,1.5,2.3,2450000000
Rumah SHM Luas 2 LT Siap Huni 7 Menit ke Mall Pesona Square J-39890,Sukmajaya,102,170,4,2,2200,2,1.7,2.7,4.5,5.6,4.1,1330000000
Rumah Mewah 2 Lantai + Private Pool Pesona Khayangan Depok - SHM,Sukmajaya,240,262,6,4,3500,2,4.2,1.8,3,1.1,1.5,8000000000
Rumah 2 Lantai Siap Huni Di Komplek Pesona Depok,Pancoran Mas,180,260,5,5,4400,2,1.3,1,3.6,2.7,1.2,3500000000
Rumah Dijual Di Pancoran Mas Dekat Pintu Tol Dp 0% Free Biaya,Pancoran Mas,66,65,3,2,2200,2,1.7,1.1,5.6,2.5,4.3,1100000000
Turun Harga Rumah di Mampang Indah 2 Depok,Pancoran Mas,367,200,5,3,2200,2,2.5,1,5.8,1.6,5.4,2300000000
Rumah SHM LT 121 Siap KPR 8 Menit ke Rs Permata Depok J-39449,Pancoran Mas,121,121,3,2,2200,1,1.9,1.4,5.5,1.3,6.2,1770000000
Rumah SHM LT 120 Siap Huni 16 Menit ke Gerbang Tol Sawangan 1 J-37875,Pancoran Mas,120,110,2,1,2200,1,3.4,2.1,4.7,1.5,6.2,1050000000
Rumah Dekat Tol di Komplek Arco Pancoran Mas Depok,Pancoran Mas,426,180,3,3,1300,1,1.8,2.2,5.4,1.6,6.4,2750000000
"Rumah 2Lt, Hook, Hdp Timur, Semi Furnished, Mampang, Pancoran Mas",Pancoran Mas,147,120,4,4,2200,2,1.8,1.2,5.7,2.6,4.4,1700000000
Dijual Cepat Rumah 2 Lantai Siap Huni di Perumnas Depok 1 Dekat Sekolah Unggulan,Pancoran Mas,177,99,3,2,2200,2,0.95,2.4,4.8,3.8,2.8,1550000000
Rumah Mampang Depok Turun Harga Jual Cepat,Pancoran Mas,180,140,3,2,2200,1,2.6,1.3,5.3,2.8,5.3,1600000000
Rumah Asri Terawat 13 Menit ke Rs Permata Depok SHM Siap Huni J31771,Pancoran Mas,65,45,2,1,1300,1,3.6,2.3,4.9,1.4,6.5,640000000
RUMAH JL. KARTINI DEPOK,Pancoran Mas,359,330,6,3,3300,1,1.3,1.5,3.2,5.3,0.24,8000000000
Rumah Bagus Hook Komplek Arco Pancoran Mas Depok Dekat Akses Tol,Pancoran Mas,264,300,5,4,2200,2,1.6,2,5.2,1.6,6.5,2400000000
Rumah Seken Terawat di Depok 7 Menit ke Rs Anak Negeri Hadap Utara J35437,Pancoran Mas,119,100,2,1,2200,1,4.4,2.9,6.2,3,5.3,720000000
Rumah Modern Minimalis Dijual Cepat di Bella Casa Residence Depok,Pancoran Mas,165,70,3,2,1300,1,3.1,4.9,3.3,5.9,3.5,1500000000
Rumah Cluster Mampang Residence Depok,Pancoran Mas,96,120,3,2,2200,1,1.7,0.75,5.8,2.1,4.3,1000000000
Rumah Hook 4 Kamar 9 Menit ke RS Permata Depok Hadap Utara J26364,Pancoran Mas,115,154,4,2,2200,2,2.2,3.7,3.8,3.1,7.9,1440000000
Rumah Minimalis 15 Menit ke Gerbang Tol Kukusan 4 Dibantu KPR J30516,Pancoran Mas,150,130,3,2,1300,1,2.9,1.7,4.7,1.9,6.6,1220000000
Rumah SHM 15 Menit ke Gerbang Tol Kukusan 3 Dibantu KPR J-32602,Pancoran Mas,86,50,2,1,1300,1,1.5,0.6,6.1,2,5.3,890000000
Rumah LT 120 SHM 4 Menit ke RSIA Asyifa Depok Siap KPR J-32624,Cimanggis,120,100,4,2,2200,2,1.8,1.4,1.9,3.7,3.9,1110000000
"Jual Rumah Hook Murah Siap Huni Di Griya Pancoran Mas Indah, Pancoran Mas – Depok",Pancoran Mas,135,85,3,2,2200,1,4.4,2.9,7.4,3.2,5.5,900000000
Dijual Rumah di depok villa permata santi meruyung 218m2,Pancoran Mas,218,150,3,3,3500,1,2.2,3.7,3.8,3.1,7.9,1900000000
"Dijual Rumah Town House Permata Indah Di Pancoran Mas, Depok",Pancoran Mas,86,64,2,2,2200,1,0.3,1.4,5.4,2.7,4.1,850000000
Rumah Di Jantung Kota Depok Alam Permai,Pancoran Mas,158,130,3,3,2200,1,0.7,2.3,3.1,4,0.85,2000000000
Rumah Jalan Pemuda Dekat Kantor Pemda Depok,Pancoran Mas,123,170,4,3,2200,2,0.5,2.4,3.8,4.1,0.9,2000000000
Dijual Cepat Rumah Tiga Lantai Fully-furnished Puri Depok Mas.,Pancoran Mas,90,177,3,2,2200,2,0.8,1.5,5.9,2.5,3.6,1500000000
RUMAH DEPOK MAMPANG PANMAS MURAH,Pancoran Mas,105,116,3,2,2200,2,1.9,1.4,5.5,2.1,5,850000000
Rumah Murah Bebas Banjir di Pancoran Mas Depok Jawa Barat,Pancoran Mas,204,100,3,2,1300,1,1.6,2.3,5.9,3,4.1,650000000
Dijual Rumah Dekat Mall Cluster Priemiere Residence Depok,Pancoran Mas,105,186,3,3,2200,2,2.3,2.1,6.3,1.5,5.4,1700000000
Rumah Bagus Di Cluster Kay Spring Pancoran Mas Depok,Pancoran Mas,84,48,2,1,2200,1,1.9,1.8,5.5,1.2,7.1,800000000
RUMAH 2 LANTAI VIEW KUBAH EMAS DI PANCORAN MAS DEPOK,Pancoran Mas,115,154,4,2,2200,2,2.2,3.7,3.8,3.2,3.8,1900000000
Rumah Strategis 15 Menit ke Stasiun Depok Baru LT 198 bisa KPR J44099,Pancoran Mas,198,160,4,3,1300,2,3.5,1,5.8,1.6,6.3,2210000000
Dijual Perumahan Syariah Pancoran Mas New,Pancoran Mas,55,55,3,3,1300,2,1.5,2,5.5,2.6,5.3,790000000
"Mampang Hills Pancoran Mas Depok Type Vesca – Rumah Modern Harga Terjangkau, Full Furnished, Promo Terbatas!",Pancoran Mas,90,92,3,2,2200,2,2,0.8,5.3,2.2,4.7,1900000000
Rumah Second Murah Siap Huni Dlm Komplek Pelita Air Didepok,Pancoran Mas,110,54,2,1,2200,1,1.1,2.6,4.5,2.4,7.2,1100000000
"Rumah di Pancoran Mas, Perumahan Maharaja, Depok",Pancoran Mas,176,230,4,2,2200,2,3.2,4.8,7.1,2.3,5,2500000000
Rumah LT 101 Hadap Selatan 15 Menit ke Gerbang Tol Kukusan J-41479,Pancoran Mas,101,42,2,1,2200,1,1.2,0.75,5.6,2.1,5,890000000
Rumah Dalam Komplek Depok,Pancoran Mas,115,120,2,2,2200,2,2.5,1.3,4.9,0.75,6.4,1200000000
Rumah Strategis di Pusat Kota Depok Dekat Jalan Margonda Depok,Pancoran Mas,232,95,2,2,1300,1,1.5,1.5,4.5,3.9,1.7,1530000000
Rumah Strategis Siap Huni di Jl Piranha Iii Pancoran Mas Depok,Pancoran Mas,120,180,6,4,3300,2,2.7,1.5,4.7,2.8,4.6,1500000000
TURUN HARGA RUMAH 2 LANTAI TERAWAT PURI ANGGREK MAS SAWANGAN DEKAT TOL,Pancoran Mas,185,230,4,4,2200,2,1.1,2.3,4.7,1.7,7.6,2100000000
"Rumah Tumbuh (Siap +Ruangan), Konsep Hijau, Sejuk, Terang Benderang-Banyak Jendela",Cimanggis,300,255,6,4,4400,2,1.3,1.8,9.5,1.9,3.1,2990000000
Dijual Rumah di Tipar Radar Auri Cimanggis Depok,Cimanggis,79,39,2,1,2200,1,3.4,2.5,1.7,2.8,2.8,970000000
Rumah Mewah Murah Dalam Komplek di Pondok Duta Cimanggis Depok,Cimanggis,237,220,5,3,2200,1,1.1,2.7,2.2,3.2,4.4,1800000000
Green Lovina Cibubur - Hunian Modern Radar Auri Cimanggis,Cimanggis,84,90,3,2,2200,2,3.2,2.4,2.4,1.6,2.7,1100000000
"Rumah 2 Lantai di Perumahan Mekarsari Permai Cimanggis, Depok",Cimanggis,153,200,4,3,2200,2,1.3,1.7,1.8,3.8,5.2,1600000000
Di Jual Murah Rumah Di Permata Puri 1 Cimaggis Depok,Cimanggis,278,193,4,2,3500,1,2.3,2.8,2,2.9,3,2200000000
Runah Baru Siap Huni Duta Park Residence Cimanggis Depok,Cimanggis,75,150,4,3,2200,2,1.1,1.7,1.4,2.5,5.1,1700000000
Dijual Cepat Rumah 1Lantai Dalam Perumahan Pondok Cibubur,Cimanggis,180,100,3,2,2200,1,2.9,3.5,2.3,2.4,2.9,1800000000
Dijual Rumah Minimalis Bagus One Gate System di Cimanggis Depok,Cimanggis,105,70,3,2,2200,1,2.1,2.7,1.6,2.5,3.5,1050000000
"Rumah 2 Lantai Bagus SHM di Komplek Manado Hein Siwu, Depok",Cimanggis,220,350,6,5,2200,2,2.8,4.1,3.1,3.7,2.5,1900000000
"Rumah Mewah, Asri, Luas & Strategis, Raffles Hills Cibubur - SHM",Cimanggis,208,180,4,4,4400,2,1.3,1.8,9.5,1.9,3.1,2500000000
Di Jual Rumah 2 Lantai SHM di Karanggan Cimanggis Depok,Cimanggis,241,150,4,4,3500,2,2.6,2.1,3.6,3.1,4.2,2000000000
Dijual Rumah 2 Lantai di Cibubur Garden Cimanggis Depok,Cimanggis,145,120,3,2,2200,2,1.4,1.8,4.5,2.5,1.2,2500000000
Rumah Mewah Murah Dalam Komplek di Pondok Duta Cimanggis Depok,Cimanggis,237,220,5,3,2200,1,0.95,2.1,1.6,2.1,4.4,1800000000
"Rumah Siap Huni,Pinggir Jalan Utama,10 Menit ke LRT Harjamukti",Cimanggis,50,80,3,2,2200,2,3.3,2.5,2.5,1.7,2.8,932000000
Rumah Megah Bukit Cengkeh Cimanggis,Cimanggis,107,100,4,3,2200,2,1.5,0.6,1.7,3.1,5.2,1500000000
"Rumah 2 Lantai SHM di Cluster Hazama Residence, Pasir Gunung Selatan, Cimanggis, Depok.",Cimanggis,86,100,3,2,2200,2,2.1,3.3,1.7,5.7,3.5,1150000000
"Rumah Mahogani Residence Cibubur,Dekat Tol Cibub Delat LRT Harjamukti,Dekat Transjakarta,Dekat Mall Transmart Cibubur",Cimanggis,130,180,4,4,3500,2,0.7,0.1,1,1.8,2.3,2500000000
Rumah Siap Huni Dalam Komplek Bagus Di Radar Auri Cimanggis Depok,Cimanggis,248,180,4,3,3500,1,3.3,2.5,2.5,1.7,2.8,2400000000
"Dijual Murah Rumah Luas,siap Huni 1 Lt Di Perumahan Permata Cimanggis, Tapos",Tapos,185,50,2,1,2200,1,0.4,6.4,8.7,4,3.6,1490000000
"Dijual, Rumah 2 1/2 LT, 10X9, Tapos, Depok, bisa Bisnis Kost",Tapos,90,170,4,2,2200,3,1.7,7.4,5.8,5.7,5.2,1200000000
Rumah Mewah Dekat Toll Cijago,Tapos,43,72,3,2,2200,2,3.7,4.3,5.1,3.1,3.8,750000000
"Rumah 2 Lantai Siap Huni, Dekat Akses Tol di Leuwinanggung, Tapos Depok - Cibubur",Tapos,800,375,5,3,10500,2,4.8,3.8,8.4,3.7,7.2,6000000000
Murah Luas 105 Rumah Cimanggis Depok Dekat Tol,Tapos,105,80,2,2,4400,2,0.4,6.4,8.7,4,3.6,945000000
Rumah 1 Lantai LT 144 di Permata Cimanggis,Tapos,144,125,2,2,2200,1,0.4,6.4,8.7,4,3.6,1300000000
Di Jual Rumah Hunian Exclusive Terjangkau Taman Arcadia Depok,Tapos,231,280,5,4,3500,2,4.2,7.5,7.4,0.95,7.7,3500000000
RUMAH CLUSTER SIAP HUNI DI PERUMAHAN PERMATA CIMANGGIS CLUSTER TOPAZ CILANGKAP - TAPOS KOTA DEPOK,Tapos,66,66,2,1,1300,1,0.85,6.9,6,4.8,4.9,565000000
"Jual Rumah Di Perum Tni Ad, Jl. Kelapa, Tapos Depok",Tapos,251,240,6,2,2200,1,1.3,5.8,3.6,4.1,8.1,2500000000
Rumah Luas Harapan Baru Taman Bunga Cimanggis Dekat LRT,Tapos,200,80,3,2,2200,1,4.4,4.2,4.6,2.9,4.5,1250000000
Rumah Siap Huni 2 Lantai di Cluster Oma Cimanggis Regency Depok,Tapos,58,68,3,2,2200,2,4.2,5.6,4.9,4.6,4.7,750000000
"Di Jual Cepat Rumah 1Lt. di Citra Gran Cluster, Tapos Depok",Tapos,136,100,2,2,4400,1,4.2,2.7,4.8,3.1,6.5,2500000000
"Rumah, 2 Lantai, SHM, di Tapos",Tapos,90,120,4,2,3500,2,4.8,3.2,7.8,3.7,7.2,1370000000
Rumah Siap Huni Di Cibubur,Tapos,120,100,3,2,2200,2,4.7,1.9,4,2.2,6.3,1400000000
Rumah Di Jalan Swadaya 2 Shm Bagus,Tapos,83,160,5,4,2200,2,2.9,6.8,4.9,4.2,6.2,830000000
Jual Rumah 2 Lantai Posisi Hoek Di The Addres Cibubur,Tapos,161,176,4,2,2200,2,4.8,3.2,7.8,3.7,7.2,1400000000
Rumah 2 Lantai Siap Huni Dekat Toll Cimanggis Tapos Depok,Tapos,128,136,3,2,2200,2,0.85,5.6,4.6,4.9,3.5,1500000000
"Dijual Rumah di Banjaran Residence, Cilangkap, Tapos, Depok",Tapos,72,90,3,2,1300,1,2.2,7.1,7.5,4.8,4.9,700000000
Rumah mewah murah di komplek Jatijajar estate,Tapos,150,180,3,2,2200,2,1.7,6.6,4,4.3,6.8,1650000000
HUNIAN MEWAH BANJARAN RESIDENCE TAPOS,Tapos,104,300,3,3,2200,2,2.2,7.1,7.5,4.8,4.9,2000000000
Rumah Tingkat Hook De Bale Permata Arcadia Cimanggis,Tapos,139,100,3,2,2200,2,4.2,7.5,7.4,0.95,5.5,1300000000
"Rumah 3 Lantai Bagus Sertifikat Hak Milik di Cilodong, Depok",Cilodong,84,200,2,2,2200,3,0.5,5.1,2.6,7.4,3.8,1000000000
"Rmh Asri Villa Pertiwi Lt.211m² Baru Renov, Dkt Tol Cijago, Depok",Cilodong,211,187,4,3,3500,1,1.8,8.1,5,5.9,6.7,1700000000
Rumah LT 96 Baru Renov 9 Menit ke Stasiun Depok Bebas Banjir J31471,Cilodong,96,50,2,1,1300,1,0.5,5.1,7.9,7.4,3.8,820000000
Rumah di Griya Cilodong Asri Depok Hook Murah,Cilodong,177,72,3,2,3300,1,2.7,8.1,5.1,7.5,5.1,1050000000
Rumah Kali Mulya Cilodong Siap Huni 2 Lantai Dekat Gdc N Stasiun,Cilodong,51,60,3,2,2200,1,1.8,6.3,3.9,8.6,3.2,665000000
Rumah Baru 2 Lantai Bebas Banjir Harga Ekonomis di Cilodong Depok,Cilodong,56,57,3,2,2200,2,3.6,4.6,4.8,7.6,3.1,699000000
Rumah SHM Luas 2 Lt Siap KPR 7 Menit ke Rs Citra Medika Depok J-39190,Cilodong,100,180,3,3,2200,2,1.2,6.1,2.5,8.8,4.7,1110000000
Rumah Dijual Komplek Pondok Damai Depok Timur,Cilodong,245,110,3,1,1300,1,1.1,5.6,3.9,4.1,6.4,1500000000
Rumah 2 Lt SHM 10 Menit ke Stasiun Depok Dibantu KPR J-40449,Cilodong,105,138,3,3,2200,2,1.3,6.1,2.6,8.8,4.7,1710000000
Rumah di Jual Murah. Dua Lantai Perum Anyelir Cilodong Depok,Cilodong,113,180,3,3,2200,2,1.2,5.7,3.3,8.1,3.8,850000000
"Rumah Murah 2 Lantai di Jl M Nasir, Cilodong. Dkt ke Jl Raya Bogor",Cilodong,288,300,4,3,2200,2,2.8,7.2,4.9,8.4,5.1,1400000000
Jual Cepat Rumah dalam Komplek di Villa Pertiwi Cilodong,Cilodong,95,95,2,1,1300,1,1.9,8.2,5.1,5.9,6.7,850000000
Rumah Bagus Dalam Komplek di Sukamaju Cilodong,Cilodong,88,130,4,2,2200,2,1.1,6.1,3.4,6.8,6.2,800000000
Di Jual Rumah di Dalam Claster di Cilodong Depok,Cilodong,120,76,3,1,3500,1,2.9,6.8,2.6,8.9,5.3,500000000
"Luas Tanah 192 3 Lantai SHM Puri Insani Gdc Jatimulya Cilodong, Depok",Cilodong,192,252,6,5,2200,3,1.8,6.6,2.8,9.2,4.3,2500000000
Rumah 2 Lantai Terawat Siap Huni Di Graha Prima Depok,Cilodong,128,150,5,4,2200,2,1.1,6.7,4.2,5.3,5.9,1600000000
Rumah di Perumahan Cikambang Asri Depok SHM,Cilodong,88,45,2,1,1300,1,0.75,4.9,2.3,7.4,3.8,550000000
"Jual BU , Perum Anyelir 3, Kalimulya Depok",Cilodong,72,30,2,1,1300,1,1.2,5.7,3.4,8.1,4.5,550000000
"Jual Rumah 1 Lantai Taman Manggis Permai, Jl. Tole Iskandar Depok",Cilodong,226,105,3,2,2200,1,1.1,5.7,4.3,5.5,5.6,1900000000
Di Jual Rumah Di Jl H Daing Kalimulya Depok Dkt Ke Rs Citra Medika Dan Ke Gdc,Cilodong,119,75,3,2,2200,1,1.1,5.4,3.1,7.9,4.1,960000000
Perumahan Vila Pertiwi,Cilodong,144,100,3,2,2200,1,1.8,8.1,5,5.9,6.7,1400000000
Rumah 9 menit ke RSU Brawijaya Sawangan Dibantu KPR J-36046,Bojong Sari,144,81,2,2,2200,2,1.8,3.1,2.5,8.2,14,1880000000
Rumah 2 Lantai di Depok 600Jt-An Aja Nempel Jaksel,Bojong Sari,60,40,2,1,2200,1,3.9,6,4.7,8,8,698000000
Rumah Murah Siap Huni,Bojong Sari,139,100,3,2,2200,2,1.9,2.3,2.1,5.5,12,800000000
Rumah dijual di Perum reni jaya pondok petir SHM Sudah Renovasi,Bojong Sari,260,240,3,2,3500,1,3.1,3.1,3.2,6.3,9.2,1200000000
Dijual Rumah Siap Huni Dalam Cluster D'citrus Garden Pondok Petir Depok,Bojong Sari,100,100,3,2,2200,1,2.9,3.2,3.2,7.4,9.1,1000000000
"Dijual Rumah Dibawah Pasaran di Grand Amity At Gardens Candi Sawangan 2Lt, 200M, SHM - 1,8M All In!",Bojong Sari,200,140,4,3,2200,2,1.8,2.3,2.2,5.4,12,1800000000
"Rumah SHM di Reni Jaya Bojong Sari, Depok",Bojong Sari,189,120,4,2,2200,1,3.2,3.2,3.3,6.4,9.3,950000000
"Rumah cluster modern 2 lantai murah di Bojongsari, Depok",Bojong Sari,120,200,3,4,2200,2,4.3,3.4,4.5,7.1,13,1200000000
Dijual Rumah 2 Lantai Shm Bagus Hadap Barat,Bojong Sari,120,147,4,2,3500,2,2.1,2.3,2.2,5.4,12,1650000000
Rumah Dalam Komplek Di Serua - Cinangka,Bojong Sari,125,130,3,2,4400,2,3.8,1.7,3.2,3.7,10,2000000000
Rumah Bagus Siap Huni Di Bojong Sari Depok,Bojong Sari,112,110,4,3,2200,2,3.9,4.6,4.7,8.8,14,1150000000
Jual Cepat Rumah Asri Dan Nyaman Di Komplek Griya Serua,Bojong Sari,75,45,2,1,1300,1,2.9,1.1,2.3,5.7,12,600000000
Dijual Rumah di Sawangan Bojongsari,Bojong Sari,108,42,2,1,1300,1,1.1,1.9,1.1,6.9,13,850000000
Dijual Rumah 1 Lantai Dalam Komplek di G R E E N One Residence Bojongsari Depok,Bojong Sari,98,60,2,2,2200,1,3.6,1.5,2.9,5.2,12,800000000
Rumah Asri 15 Menit ke Terminal Sawangan LT 143 Bebas Banjir J33968,Bojong Sari,143,100,4,3,4400,2,1.8,3.9,2.4,9.7,14,2210000000
Amankan Aset Bojongsari - Harga Khilaf!,Bojong Sari,96,50,2,1,2200,1,1.9,2.3,2.1,5.5,12,1000000000
"1 unit Rumah Cluster dijual di Bojongsari ,Depok",Bojong Sari,168,68,2,2,2200,2,1.9,2.3,2.1,5.5,12,1600000000
Dijual Rumah di Cluster Bojongsari Depok,Bojong Sari,128,180,3,3,3300,2,1.9,2.3,2.1,5.5,12,2500000000
"Termurah Rumah Cantik Dan Asri Di Taman Sari Puri Bali , Bojongsari Depok . Harga Rumah Sdh Termasuk Pajak Pembeli. Dengan Taman Depan,samping Dan Belakang Yg Luas. Dekat Dengan Comercial Area The Park Mall, Hy Fresh Swalayan, Indo Grosir,rs Brawijaya,rs",Bojong Sari,210,80,3,2,2200,2,1.8,3.9,2.4,9.7,14,1900000000
RUMAH SIAP HUNI DI GREN EXOTICE,Bojong Sari,90,60,2,1,2200,1,3.7,2.9,3.1,6.6,15,900000000
Rumah Hoek 2 Lantai Siap Huni Di Pd. Petir,Bojong Sari,124,100,4,2,2200,2,4.4,3.5,4.6,7.2,14,1920000000
Aset Premium Beji - Selangkah ke Kampus Ui!,Beji,127,150,3,2,2200,2,2.8,2.6,4.1,3.4,4.1,1800000000
Rumah Depok Jl. KH. Usman Kukusan Beji Depok,Beji,100,145,5,4,2200,3,1.1,4.4,2.1,1.1,3.8,2400000000
Rumah Keluarga Impian di Titik Strategis Depok!,Beji,200,230,2,1,2200,1,2.1,1.5,1.1,2.1,1.8,1300000000
Rumah Minimalis 9 Menit ke Gerbang Tol Kukusan 3 Hadap Selatan J47909,Beji,84,90,2,1,1300,2,2.2,3.2,4.5,2.7,4.5,1050000000
"Rumah 2 Lantai SHM Luas u/ Kos2an di Jalan Urea III, Beji Timur, Depok.",Beji,254,380,6,7,4400,2,2.2,1.8,2.2,2.4,1.1,5500000000
Rumah Murah Akses Dekat Tol Di Jl Kepundang Beji Timur Depok,Beji,500,173,4,2,3300,1,1.7,1.9,0.35,1.6,2.2,3100000000
"Dijual Kontrakan 4 Pintu, Turun Harga, Beji, Margonda Raya, Depok",Beji,350,300,2,1,1300,1,2.2,3.2,2.9,2.7,2.8,3800000000
Dijual Rumah Cluster Siap Huni 2 Lantai Di Beji Depok,Beji,64,45,2,1,1300,1,4.3,0.75,1.8,0.75,3.2,775000000
Rumah 7 Menit ke Gerbang Tol Kukusan 3 Hadap Selatan Siap KPR J-38753,Beji,93,60,3,2,2200,1,2.7,2.8,3.7,2.5,4.2,940000000
Dijual Rumah American Callsik Di Jln Curug,Beji,66,125,3,3,2200,2,1.5,4.8,3.7,1.9,5.3,1470000000
"Jual Rumah Baru 2 Lantai, di Jl. Kedung, Dekat Tol Kukusan Depok",Beji,300,400,6,4,2200,2,2.1,2.3,1.4,1.9,1.7,2400000000
"Rumah dan Kost An di Jln. Utama Margonda Raya, Beji , Depok",Beji,287,410,4,3,4400,2,2.4,1.1,1.9,1.3,1.7,4000000000
Rumah Siap Huni 3 Kamar SHM di Beji Depok Utara,Beji,53,85,3,2,2200,2,1.5,3.3,2.2,1.8,2.7,950000000
Rumah 2 LT SHM 12 Menit ke Dtc (Depok Town Center) Dibantu KPR J-40266,Beji,62,45,2,2,2200,2,2.4,3.1,4.4,2.7,3.7,1220000000
Dijual Rumah Murah Harga Dibawah Pasaran di Perumahan Executive Village Kel.tanah Baru Kec.beji Kota Depok,Beji,120,140,4,2,2200,2,1.3,4.9,3.5,1.7,5.1,1300000000
"Rumah Cantik SHM Hasan Niung Tanah Baru Beji, Depok",Beji,71,71,2,1,1300,1,2.4,2.1,4.1,3.3,4.1,700000000
"Rumah 2 Lantai Butuh Cepat di Beji Timur, Depok",Beji,242,120,4,3,3500,2,1.9,1.9,1.7,2.3,0.9,1400000000
Dijual Rumah 2 Lantai Semi Furnished Dalam Semi Cluster Lingkungan Yang Nyaman Di Tanah Baru Beji Depok.,Beji,80,140,3,2,4400,2,1.3,4.1,3.9,1.7,4.3,1300000000
Jual Cepat! Rumah Idaman Modern Full Furnish Di Kembang Beji - Siap Huni & Akses Super Strategis!,Beji,77,106,4,2,2200,2,1.9,3.1,2.1,2.4,1.3,1150000000
"Rumah Bagus di Jl Zakaria, Tanah Baru Beji Depok",Beji,45,40,1,1,1300,1,2.7,3.4,4.9,3.2,4.4,400000000
"Turun Harga Rumah Pinggir Jalan Raya Beji Depok - Cocok Usaha, Lokasi Strategis, Harga Nego",Beji,138,90,3,2,2200,1,1.5,2.1,2.1,2.1,2.6,1250000000
Di Jual Rumah Murah Dalam Komplek di Cinere,Cinere,270,200,3,2,5500,2,4.6,3.9,2.6,2.3,8.6,2700000000
"Dijual Rumah di Hook,Sangat Terawat,Cantik Siap Huni,Gaya Euro Asia di Megapolitan Cinere",Cinere,250,248,4,4,16500,2,2.1,1.1,3.6,3.5,6.7,3500000000
"Best Price Rumah 1,5 Lantai Super Nyaman di Komplek Bukit Cinere Indah",Cinere,250,200,5,5,3500,2,2.3,0.95,1.9,1.5,6.8,3500000000
Megapolitan Cinere Depok Jarang Ada,Cinere,244,150,5,3,3300,1,2.2,1.2,3.8,3.6,6.8,2100000000
Dijual Rumah Cantik di Selatan Jakarta,Cinere,90,85,3,2,2200,2,1.1,1.1,2.1,5.1,4.5,1650000000
Rumah di Villa Cinere Mas 4+1 KT Rapih & Siap Huni,Cinere,300,300,5,4,3500,2,1.8,2.1,2.4,5.1,5.1,3900000000
Rumah Hadap Taman Baru Renovasi Komplek Puri Cinere Harga Terbaik,Cinere,338,400,4,4,11000,2,0.85,1.2,2.2,4.3,4.6,4250000000
Rumah Nyaman Belakang Mall di Jl Ciloto Komp Puri Cinere,Cinere,180,190,5,3,2200,2,0.9,1.1,2.1,4.2,4.5,2750000000
For Sale Rumah di Graha Cinere Dalam Klomplek One Gate,Cinere,270,200,4,3,2200,2,4.8,4.1,2.8,2.5,8.8,2700000000
Dijual Rumah Mewah Royal Fountain Town House di Andara Pangkalan Jati Baru Depok,Cinere,187,200,3,3,5500,3,3.3,4.1,1.5,1.1,6.3,2900000000
Rumah Minimalis 3 Lantai Dalam Kluster Elite Di Vila Cinere Mas.,Cinere,205,250,4,3,5500,2,1.9,2.1,2.5,5.1,5.1,3700000000
"Rumah Mewah Dalam Komplek Puri Cinere, Tenang Nyaman & Asri",Cinere,350,247,5,5,4400,2,0.9,1.2,2.2,4.4,4.6,6500000000
Villa Ala Bali di Tengah Kota? Yuk Lihat Rumah Cantik Ini di Graha Cinere,Cinere,120,138,2,2,2200,2,4.7,4.1,2.7,2.5,8.7,2300000000
Dijual Rumah Mewah 2Lt 5+2Kt 4 Parkiran Lebar Muka 25Mtr,Cinere,360,500,7,6,3500,2,1.4,0.2,2.9,2.9,6.1,4500000000
"Rumah Strategis di Perumahan Jati Indah, Pangkalan Jati, Cinere",Cinere,500,240,6,3,2200,2,1.1,1.1,1.1,4.1,5.3,5000000000
Rumah Layak Huni di Megapolitan Cinerere,Cinere,343,400,5,5,5500,2,2,1,3.6,3.4,6.6,4500000000
"Rumah Hitung Tanah di Jln Bukit Cinere, Depok",Cinere,790,160,4,3,3500,1,2.2,1.1,1.8,2.7,6.9,5800000000
Rumah siap huni di Cinere Depok,Cinere,130,180,4,3,3300,2,2,1.1,3.5,3.6,6.6,1700000000
"Rumah Bagus, Siap Huni Plus Ruang Usaha di Andara, Pondok Labu Dekat M R T Lebak Bulus",Cinere,419,300,4,4,6600,2,3.4,4.1,1.6,1.1,6.4,6600000000
Rumah Minimalis Bagus Di Komplek Bukit Cinere Indah,Cinere,123,150,4,4,4400,2,2.6,1.1,2.3,3.1,6.9,2800000000
"Rumah di Cinere, Taman Tiga Putra, Depok",Limo,124,150,3,3,2200,2,3.2,4.1,3.2,2.7,8.9,1250000000
"Rumah Cantik Bersih Terawat di Tabanan Raya, Depok",Limo,137,60,2,1,1300,1,4.9,3.7,2.1,2.8,8.9,1400000000
Rumah 500 Meter ke Pintu Tol Cinere di Cluster Limo Residence,Limo,120,140,3,2,2200,2,4.9,4.1,1.4,1.1,8.8,1850000000
Rumah Asri di Bukit Nirvana Limo,Limo,147,45,3,1,1300,1,4.3,2.7,3.3,2.5,6.7,1800000000
"Rumah di Griya Kencana Bagus Siap Huni, SHM, Limo Depok",Limo,115,80,3,1,2200,1,4.3,4.4,2.3,1.8,8.5,1300000000
"Rumah di Sulthan Residence, Limo - Cinere, Over Kredit. 600 jt",Limo,52,52,2,1,1300,1,3.9,5.4,3.1,2.6,9.8,600000000
Rumah Mewah Hook Strategis di Perumahan Graha Cinere Limo Depok,Limo,405,286,4,4,4400,2,4.9,3.5,1.8,2.3,9.3,3500000000
Rumah Siap Huni dalam Komplek di Cinere Limo Depok,Limo,308,119,3,2,3500,2,4.9,3.6,1.9,2.4,9.3,2500000000
Rumah Luas Siap Huni Lokasi Bagus di Cinere Limo Depok,Limo,313,119,4,3,5500,1,4.8,3.5,1.8,2.3,9.2,2500000000
Rumah Minimalis 10 Menit ke Gerbang Toll Limo 2 Bebas Banjir J39824,Limo,85,110,3,2,2200,2,3.2,4.6,2.8,1.5,7.1,1880000000
Rumah Shm 2 Lantai Siap Huni Strategis Di Cinere Hijau Residence,Limo,90,131,3,3,2200,2,4.4,3.6,1.2,1.4,8.4,1200000000
Rumah Aman dan Nyaman Siap Huni di Griya Pendowo Indah Depok,Limo,135,120,3,2,2200,2,4.2,3.1,2.8,2.3,7.1,1550000000
Dijual cepat rumah bagus di Pendowo Mension Hills Limo Depok,Limo,85,125,4,3,2200,2,4.3,3.2,3.1,2.1,7.2,1380000000
Rumah Minimalis SHM 8 Menit ke Gerbang Tol Limo 2 Bebas Banjir J41574,Limo,70,45,2,1,1300,1,4.2,5.1,2.5,2.1,7.9,610000000
Rumah 1 Lantai di Limo Depok,Limo,144,100,3,3,1300,1,5.7,2.5,4.7,3,5,1390000000
Dijualmurah Rumah 1 Lt Suap Huni Di Bukit Mampang Residence Bagus,Limo,84,54,2,2,1300,1,5.6,2.3,4.7,2.9,4.9,835000000
"Rumah di Wisma Cakra 2 Lantai, lokasi Bagus, hadap Timur",Limo,180,120,3,2,2200,1,3.8,4.7,2.1,1.1,7.8,1600000000
Dijual Rumah 2 Lantai Non Komplek Di Limo Depok,Limo,246,200,3,2,1300,2,4.1,2.8,3.7,1.9,7.1,1400000000
Rumah Hook Strategis Dekat Southhcity di Griya Cinere Depok,Limo,300,250,4,3,4400,2,3.8,2.5,0.5,1.3,8.6,6000000000
"Jual Rumah Bagus 2 Lantai, Bukit Mampang Residence, Grogol, Limo Depok",Limo,97,190,4,3,4400,2,5.8,2.5,4.9,3.1,5.1,1400000000
Rumah Cluster Super Nyaman di Arthayasa Limo Cinere Depok,Limo,77,70,2,1,1300,1,5.5,3.5,2.8,2.3,7.6,725000000
Rumah Luas Di Cluster Citralake Sawangan -iml,Sawangan,144,66,2,2,1300,1,1.6,1.1,7.6,6.7,12,1500000000
"Jual Cepat Harga Dibawah Pasaran Rumah Cluster Bukit Tamphayan River View, Sawangan, Kota Depok.",Sawangan,150,90,3,2,1300,1,0.2,3.6,6.1,3.1,8.3,775000000
Rumah Brand New Cluster Gmt Residence Sawangan Depok Dekat Fasilitas Umum,Sawangan,83,45,2,1,1300,1,3.4,5.1,7.7,4.6,8.6,708000000
Termurah Jual Cepat Telaga Golf Sawangan Depok,Sawangan,105,36,2,1,2200,1,2.6,6.6,5.1,5.2,11,800000000
Rumah 2 Lantai di Depok 13 Menit ke Terminal SHM Bebas Banjir J35679,Sawangan,112,100,3,2,1300,2,3.8,3.8,4.4,4.1,9.8,1240000000
Rumah Dalam Perumahan Siap Huni di Sawangan (Ew),Sawangan,102,95,3,2,1300,1,0.3,3.6,5.9,2.9,8.9,1250000000
Rumah hook Modern H City Sawangan Depok akses 2 Tol,Sawangan,570,170,4,4,4400,1,2.6,4.6,3.5,7.5,12,4500000000
"Dijual Rumah Bukit Petro Sawangan, Depok",Sawangan,150,75,2,1,2200,1,1.5,4.8,6.6,4.2,9.2,950000000
Rumah Di Nuansa Bali (paling Depan )telaga Golf Sawangan Depok.,Sawangan,200,126,4,3,3500,2,2.9,5.7,5.2,5.2,10,2900000000
Jual Cepat Rumah Hoek Citra Lake Sawangan Depok Fully Furnished,Sawangan,234,150,3,2,3500,1,1.6,0.9,7.6,6.7,12,3500000000
Rumah Asri di Boulevard Telaga Golf Sawangan,Sawangan,370,205,3,3,3300,2,2.9,5.9,5.2,5.2,11,5550000000
Rumah Minimalis di Lokasi Prestise Telaga Golf Sawangan,Sawangan,134,110,3,2,2200,2,2.7,5.8,5.1,5.1,10,1270000000
Dijual Rumah Mewah Telaga Golf Sawangan Depok,Sawangan,162,110,4,3,2200,2,2.9,5.7,5.1,5.2,11,2200000000
Rumah LT 120 Strategis 10 Menit ke Rs Brawijaya Depok bisa KPR J40186,Sawangan,120,80,3,2,2200,1,1.8,5.1,6.8,4.5,9.4,890000000
Rumah berhalaman luas di Komplex Arco Duren Seribu Sawangan,Sawangan,824,300,4,3,3500,1,1.1,8.6,7.3,8.3,8.1,3500000000
"Dijual Rumah Bukit Petro Sawangan, Depok",Sawangan,150,75,2,1,2200,1,1.4,4.7,6.5,4.1,9.1,950000000
"Dijual Rumah di Bukit Rivaria Sawangan, Depok",Sawangan,120,140,3,3,2200,2,2.1,5.4,8.6,4.7,9.1,1200000000
Rumah LT 128 SHM 15 Menit ke The Park Sawangan Siap KPR J-14593,Sawangan,128,81,3,2,1300,2,2.8,5.6,5.1,5.2,11,1510000000
Dijual Rumah Taman Bumi Agung Residence Depok,Sawangan,98,70,3,2,2200,2,0.65,4.5,6.4,3.9,9.6,1300000000
Di Jual Rumah Talaga Golf Depok - Siap Huni!,Sawangan,162,180,4,2,2200,2,2.8,5.5,5.1,5.3,11,1600000000
Rumah Hook Strategis 13 Menit ke Alia Hospital Depok Dibantu KPR J46204,Cipayung,60,55,2,1,1300,2,1.8,4.1,6.1,5.3,1.7,760000000
"Jual Perum Green Pitara, Cipayung, Pancoran Mas, Depok",Cipayung,72,112,4,3,2200,2,2.8,2.9,7.1,3.4,3.6,980000000
Rumah Murah Di Cipayung Depok Dekat Kantor Kecamatan Cipayung,Cipayung,55,105,3,2,1300,2,3.7,4.2,7.2,4.4,3.1,625000000
Rumah LT 112 Hadap Selatan 8 Menit ke Stasiun Depok Dibantu KPR J-44222,Cipayung,112,100,3,2,2200,1,2.6,6.1,6.3,7.1,1.1,1830000000
Rumah Strategis 7 Menit ke Stasiun Citayam Siap KPR J-37281,Cipayung,90,70,3,2,2200,2,2.2,6.9,7.4,7.1,1.5,830000000
Rumah Cantik Nempel Jalan Raya Cipayung Depok,Cipayung,100,50,3,2,2200,1,2.9,5.3,7.2,5.5,2.1,800000000
HUNIAN ASRI CLUSTER DEPOK,Cipayung,70,64,2,1,1300,1,3.6,3.1,7.9,4.4,3.7,400000000
Rumah Siap Huni di Cipayung Depok,Cipayung,72,125,3,2,2200,1,2.6,4.2,7.6,6.6,2.8,800000000
Rumah Hook + 2 Kontrakan Di Taman Cipayung Depok,Cipayung,194,150,4,4,3500,2,4.4,3.2,8.8,3.6,4.2,2200000000
Rumah Strategis SHM 10 Mnt ke Stasiun Citayam Siap KPR J-19101,Cipayung,72,48,2,1,1300,1,2.5,4.8,7.6,6.5,2.9,670000000
"Rumah Baru Minimalis Ekonomis Strategis Di Cipayung, Depok Sit",Cipayung,40,30,2,1,1300,1,3.3,5.4,7.4,5.7,1.9,260000000
Rumah Murah Di Cipayung Depok Dekat Kantor Kecamatan Cipayung,Cipayung,55,105,3,2,1300,2,3.8,4.3,7.3,4.5,3.2,625000000
"Rumah Siap Huni Full Furnish Dekat Stasiun Citayam, Surat SHM IMB",Cipayung,60,45,2,1,2200,1,4.8,3.6,6.3,3.7,4.1,470000000
Rumah 2 Lantai Siap Huni di Cipayung Depok,Cipayung,107,160,4,3,2200,2,3.8,3.9,6.5,4.1,4.4,1460000000
Rumah Terawat 3 Lt 14 Menit ke Alia Hospital Depok Hadap Timur J33805,Cipayung,103,250,6,4,3500,3,3.1,3.7,7.1,4.9,2.1,1330000000
Rumah Minimalis LT 84 di Depok Akses Dekat Stasiun Bebas Banjir J33071,Cipayung,84,45,2,1,1300,1,2.6,4.2,7.7,5.9,3.2,830000000
Rumah 1 Lantai 5 Menit ke Terminal Dan Stasiun Citayam Siap KPR J33507,Cipayung,103,90,2,1,1300,1,2.5,4.1,7.6,5.8,3.1,1050000000
Rumah 1 Lantai SHM 17 Menit ke Stasiun Depok Baru Bebas Banjir J35917,Cipayung,72,45,2,1,2200,1,2.8,4.3,6.9,4.8,2.6,610000000
"Butuh Uang BU Cepat SHM Taman Induk Bojong Pondok Terong Cipayung, Depok",Cipayung,285,180,3,1,1300,1,4.5,4.9,5.9,5.1,4.4,950000000
Dijual Rumah Plus Kontrakan 3 Pintu Dekat Depo Kereta Depok,Cipayung,350,200,3,4,1300,1,2.8,5.2,7.1,5.4,1.9,1500000000
"Jual Cepat Harga Spesial Rumah Bagus Klasik 2 Lantai di Cluster Mutiara Depok Estate, Depok.",Sukmajaya,304,250,3,3,4400,2,1.9,5.6,3.6,6.3,4.9,3000000000
Rumah lama satu setengah lantai di Griya Pandawa Depok,Sukmajaya,110,150,3,3,2200,2,2.6,1.7,4.2,2.4,3.6,1350000000
HUNIAN STRATEGIS MUTIARA DEPOK,Sukmajaya,108,89,3,1,2200,1,1.7,5.4,4.5,6.1,4.7,950000000
Rumah sangat cantik di cluster Gema Pesona Estate Depok,Sukmajaya,180,130,3,1,2200,1,0.6,3.5,3.2,5.6,4.4,2800000000
Rumah Minimalis 6 Menit ke Rsu Hermina Depok 1 Lt Siap Huni J39340,Sukmajaya,83,36,2,1,1300,1,1.3,2.9,3.4,4.2,2.8,1000000000
Rumah Carport Luas 15 Menit ke Gerbang Tol Cisalak 4 Dibantu KPR J42433,Sukmajaya,100,100,3,2,4400,2,1.6,4.1,4.8,4.8,4.2,1770000000
Rumah 4 KT Strategis 12 Menit ke Eka Hospital Margonda Siap Huni J45576,Sukmajaya,97,106,4,2,2200,2,3.7,2.2,3.7,3.6,5.1,1080000000
Rumah Minimalis 12 Menit ke Mall Pesona Square 2 Carport bisa KPR J42433,Sukmajaya,100,100,3,2,4400,2,1.6,3.9,4.8,4.8,5.1,1770000000
Rumah Hadap Timur LT 165 Siap KPR 10 Mnt ke Pintu Tol Cisalak J-34667,Sukmajaya,165,150,3,3,3500,2,1.5,5.1,2.2,5.1,4.1,1660000000
"Dijual Rumah Perum Griya Lembah Abadi Jaya, Sukma Jaya, Kota Depok",Sukmajaya,72,54,2,1,1300,1,2.2,3.9,3.8,4.6,3.2,690000000
Hunian Hook Bukit Cengkeh Depok,Sukmajaya,100,82,3,2,2200,1,4.2,1.7,3.6,2.2,3.7,1250000000
Rumah Di H Japat Depok Sudah Renovasi,Sukmajaya,153,200,5,4,5500,2,1.3,4.1,4.3,4.8,4.6,2500000000
"Rumah Bagus di Abadi Jaya, Sukmajaya, LT: 250, LB: 250,Shm, Depok",Sukmajaya,250,250,3,2,2200,2,2.1,3.9,4.4,3.2,5.5,2700000000
Rumah Strategis Pd Sukmajaya Permai,Sukmajaya,130,130,3,3,2200,2,1.1,4.6,4.3,5.6,4.6,1300000000
Rumah 15 Mnt ke Pintu Tol Margonda SHM Hadap Timur Dibantu KPR J-36901,Sukmajaya,90,68,2,2,2200,1,1.1,4.7,2.6,5.6,4.6,830000000
"Dijual - Rumah Hook Full Furnished di Area Sukmajaya, Depok",Sukmajaya,215,110,4,3,2200,2,0.75,3.8,2.9,5.9,4.7,3500000000
Rumah 2 lantai bernuansa Villa di Pesona Khayangan Depok,Sukmajaya,162,220,4,3,3300,2,4.3,1.9,3.1,1.6,2.5,3500000000
"Rumah Harga Spesial di Perum Bella Casa Residence, Jl. Tole Iskandar, Depok.",Sukmajaya,120,70,2,1,1300,1,0.9,2.3,3.7,4.7,2.3,1400000000
Rumah Strategis Siap Huni di Jalan Mahakam Depok Timur,Sukmajaya,210,150,4,2,2200,2,4.1,2.3,3.4,1.9,3.5,2300000000
Rumah Siap Huni di Gema Pesona,Sukmajaya,180,145,5,3,2200,2,0.7,3.7,3.1,5.8,4.6,2500000000
Rumah 2 Lantai Cantik Pesona Khayangan Depok Jual Lelang,Sukmajaya,120,200,4,2,2200,2,4.1,1.7,2.9,1.4,2.3,1500000000
Perumahan Puri Hasanah 5 Blok J4,Pancoran Mas,90,50,2,1,2200,1,1.5,0.3,6.1,1.7,4.3,1000000000
Siap Huni Ardena Residence Hanya 5menit Ke Stasiun KRL,Pancoran Mas,90,40,2,1,1300,1,3.3,2.1,5.4,3.2,5.3,985000000
Rumah di Puri Depok Mas Depok Lingkungan Asri,Pancoran Mas,90,45,2,1,2200,1,0.8,1.5,5.9,2.5,3.6,896000000
Rumah Siap Huni Perumahan Jaya Agung Depok (Turun Harga),Pancoran Mas,182,200,4,3,2200,2,2.6,1.1,5.4,1.1,5.3,1600000000
Rumah Siap Huni Mampang Hills Depok | Dekat Tol Desari | Renovasi,Pancoran Mas,72,47,2,1,2200,1,2.2,0.95,5.5,2.4,4.9,870000000
Rumah LT 103 Strategis 10 Menit ke Rs Permata Depok Dibantu KPR J40175,Pancoran Mas,103,103,3,3,2200,2,2.3,2.2,5.8,1.6,6.8,1550000000
Rumah 4 Menit ke Gerbang Tol Sawangan Hadap Selatan Dibantu KPR J-36836,Pancoran Mas,65,90,3,2,5500,2,1.7,2.1,5.1,1.4,6.3,880000000
Rumah Hadap Selatan 10 Menit ke Gerbang Tol Brigif SHM Dibantu KPR J-38219,Pancoran Mas,77,54,2,1,2200,1,1.2,2.7,4.6,2.5,7.1,900000000
Rumah Mewah 2 Lantai di Pancoran.mas Depok Diapit 3 Tol Depok,Pancoran Mas,72,65,3,2,2200,2,2.5,2.1,5.6,3.5,4.3,1080000000
"Aset Lelang Pancoran Mas: Harga Miring, Cuan Nareng!",Pancoran Mas,90,120,3,2,2200,2,3.1,4.7,7,2.2,4.9,850000000
2 Lantai LT. 125 KPR SHM IMB Mampang Pancoran Mas Depok,Pancoran Mas,125,200,6,2,3300,2,1.9,1.3,5.8,2.7,4.5,1300000000
Rumah Halaman Luas Strategis di Jl Mampang Pancoran Mas Depok,Pancoran Mas,700,200,5,3,3300,1,1.6,1,5.5,2.4,4.2,5300000000
"Rumh Bagus, Siap Huni, Hook, Mampang Indah 2, Pancoran Mas, Depok",Pancoran Mas,270,250,5,3,3500,2,2.6,1.1,5.9,1.7,5.5,2500000000
Rumah Siap Huni Di Perumnas Depok 1 Lokasi Strategis,Pancoran Mas,200,180,4,2,2200,1,0.85,2.3,4.7,3.7,2.7,1450000000
Rumah Siap Huni + Mezanine di Perumnas Depok 1,Pancoran Mas,129,115,3,2,1300,2,0.8,2.2,4.6,3.6,2.6,1500000000
"Rumah 2 Lantai di Perum Graha Mampang Mas, Depok",Pancoran Mas,72,67,3,2,3500,2,2.1,1.4,5.3,2.8,4.2,990000000
Rumah 2 Lantai 10 Menit ke Gerbang Tol Sawangan 4 Hadap Utara J39335,Pancoran Mas,117,210,4,2,3500,2,3.3,4.9,7.2,2.4,5.1,1110000000
"Jual Rumah Bagus Di Komplek Alam Pancoran Mas, Rawageni, Pancoran Mas, Depok",Pancoran Mas,120,120,2,2,2200,1,2.1,3.6,3.3,5.2,2.9,900000000
Take Over 70 Juta Rumah Di Rawadenok Cipayung Depok,Pancoran Mas,70,36,2,1,2200,1,2.4,2.4,6.4,1.7,6.6,750000000
Dijual Rumah Baru Perumahan Mampang Hills,Pancoran Mas,72,47,2,1,4400,1,2.1,0.9,5.4,2.3,4.8,900000000
Rumah Luas SHM 5 Menit ke Eka Hospital Margonda Bebas Banjir J41190,Pancoran Mas,197,150,4,3,2200,1,2.7,1.9,3.4,3.6,2.1,1990000000
"Di Jual Rumah di Puri Sriwedari Cibubur,Dekat Akses Tol Cibubur,Dekat Transstudio Mall Cibubur",Cimanggis,400,328,5,5,5500,2,0.75,0.85,5.8,1.9,2.2,7000000000
Jual Rumah Pondok Mekarsari Permai Cimanggis Depok Jawa Barat Van,Cimanggis,185,100,3,1,2200,1,1.4,1.8,1.9,3.9,5.1,2200000000
Rumah 2 Lantai Siap Huni Di Perumahan Permata Puri Cimanggis Depok,Cimanggis,180,150,5,4,4400,2,2.4,2.9,2.1,2.9,3,2200000000
Rumah Strategis Tugu Cimanggis Depok,Cimanggis,168,152,4,3,3500,1,1.8,3.7,2.1,5.1,3.6,2350000000
RUMAH MURAH BUMI CIMANGGIS HUNIAN NYAMAN DAN TENANG,Tapos,66,36,2,1,2200,1,0.65,4.7,2.1,2.7,4.7,700000000
"Rumah Luas Harga Bagus, Lokasi Favourite Permata Puri, Cimanggis",Cimanggis,400,140,4,3,2200,2,2.5,2.8,2,2.9,3,4300000000
Rumah 15 Menit ke Mall Pesona Square SHM Hadap Timur Siap KPR J-29109,Beji,91,58,2,1,2200,1,2.1,4.1,3.2,2.5,4.3,970000000
Jual Rumah Harga Bu di Jalan Palem Raya Beji Depok,Beji,227,110,4,3,2200,1,0.8,3.2,2.1,1.3,3.4,1850000000
Rumah Luas 1 Lantai 5 Menit ke Gerbang Tol Kukusan 1 Hadap Utara J34530,Beji,185,150,4,2,2200,1,1.3,4.7,2.2,1.1,2.9,2770000000
Rumah 2 Lantai Perumahan Mahoni Beji Depok,Beji,87,90,3,3,1300,2,1.9,2.8,2.6,2.2,2.9,970000000
"Dijual Rumah Dalam Cluster Lt 100 M² Tanah Baru, Beji Bisa Kpr",Beji,100,70,3,2,2200,1,1.9,3.5,3.4,2.4,3.7,1000000000
Rumah 2 Bangunan di Perumahan Puri Prima Lestari Beji Depok,Beji,334,295,4,4,10000,1,1.8,3.9,2.9,2.2,4.8,3800000000
Rumah Di Komplek Arco Oil Pancoran Mas Kota Depok S8930,Pancoran Mas,320,125,3,3,2200,2,1.9,2.3,5.4,1.6,6.5,3500000000
Rumah 2 Lantai Posisi Hook Di Griya Nuansa Hijau Depok Aman Nyaman & Privasi,Pancoran Mas,130,120,4,2,3500,1,1.6,3.1,4.1,2.5,7.4,1300000000
Dijual Rumah 3 Kt di Jl. Duren Kyendra Town House Depok,Pancoran Mas,80,100,3,2,2200,2,2.1,2.1,5.7,1.5,6.4,1000000000
"Rumah Di Rangkapan Jaya Baru, Pancoran Mas, Depok, Jabar",Pancoran Mas,176,108,7,3,3500,2,1.9,2.1,5.1,1.4,6.3,1700000000
RUMAH LUAS JALAN PEMUDA DEPOK,Pancoran Mas,207,90,5,3,2200,2,0.75,2.5,3.8,4.1,0.95,2000000000
RUMAH DI DEPOK LAMA,Pancoran Mas,654,160,4,1,1300,1,0.25,1.6,3.7,4.5,1.9,4600000000
Rumah Nyaman dan Kokoh Dalam Komplek Gandul Cinere Deket Pangkalan Jati dan Andara,Cinere,377,169,5,4,3500,2,2.7,1.4,3.6,1.7,6.8,4200000000
"Best Price Rumah 1,5 Lantai Super Nyaman di Komplek Bukit Cinere Indah",Cinere,250,200,5,5,3500,2,2.2,0.8,1.7,1.3,6.8,3500000000
Rumah 2 Lantai di Bukit Cinere Indah,Cinere,448,256,7,4,3500,1,2.3,0.9,1.8,1.3,6.8,4500000000
Rumah Nuansa Bandung dengan Kontur Turunan - Sejuk & Asri di Mega Cinere,Cinere,490,320,6,5,3500,2,1.5,0.35,2.6,2.5,6.1,4500000000
Rumah Lama Bukit Cinere Indah Harga 4 Milyaran,Cinere,336,196,7,4,3500,2,2.4,1.1,1.9,1.3,6.8,4200000000
Dijual Rumah Halaman Luas di Mega Cinere,Cinere,492,267,4,3,3300,2,1.4,0.25,2.6,2.5,6.1,4900000000
Rumah siap huni di perumahan Wisma Cakra di area Limo - Cinere,Limo,400,120,4,3,5500,2,3.9,4.1,2.1,1.1,7.9,5000000000
"Premium & Strategis: Rumah Luas 300M² di Graha Cinere - Selangkah ke Gerbang Tol Krukut & Limo""",Limo,300,400,4,3,3500,2,4.6,3.4,1.7,2.5,8.6,3370000000
"TSI/17622, Rumah Strategis di Cinere Depok – 321 m² SHM, Akses 3 Tol, 2 Lantai",Limo,321,240,5,4,3500,2,4.8,1.1,3.6,0.5,8.8,3900000000
"Dijual Rumah di Perumahan Grand Matoa, Krukut, Limo, Depok",Limo,362,240,5,4,4400,3,4.1,3.5,2.7,2.4,8.2,5900000000
